actual_safe,backend,central_bytes,compiler_accounted_bytes,false_fit,false_oom,family,interval_covered,interval_width_bytes,interval_width_ratio,lower_bytes,method,method_description,name,predicted_safe,protocol,size_bucket,static_peak_bytes,target_budget_bytes,upper_bytes,upper_covered
,cpu,33554432,33554432,False,False,elementwise,True,0,0.0,33554432,raw_structural,raw structural estimate,elementwise-d1-2048-float32,,leave_one_out,10-100 MiB,33554432,,33554432,True
,cpu,34578564,33554432,False,False,elementwise,True,88429909,2.635416656732559,11184811,global_ratio,nearest-rank compiler/static ratio quantiles,elementwise-d1-2048-float32,,leave_one_out,10-100 MiB,33554432,,99614720,True
,cpu,34639912,33554432,False,False,elementwise,True,71303168,2.125,0,global_additive,nearest-rank additive residual quantiles,elementwise-d1-2048-float32,,leave_one_out,10-100 MiB,33554432,,71303168,True
,cpu,33554432,33554432,False,False,elementwise,True,0,0.0,33554432,family_ratio,nearest-rank compiler/static ratio quantiles,elementwise-d1-2048-float32,,leave_one_out,10-100 MiB,33554432,,33554432,True
,cpu,34844212,33554432,False,False,elementwise,True,66060288,1.96875,33554432,size_bucket_ratio,nearest-rank compiler/static ratio quantiles,elementwise-d1-2048-float32,,leave_one_out,10-100 MiB,33554432,,99614720,True
,cpu,134217728,134217728,False,False,elementwise,True,0,0.0,134217728,raw_structural,raw structural estimate,elementwise-d1-4096-float32,,leave_one_out,100-500 MiB,134217728,,134217728,True
,cpu,138314256,134217728,False,False,elementwise,True,353719637,2.63541666418314,44739243,global_ratio,nearest-rank compiler/static ratio quantiles,elementwise-d1-4096-float32,,leave_one_out,100-500 MiB,134217728,,398458880,True
,cpu,135303208,134217728,False,False,elementwise,True,71303168,0.53125,100663296,global_additive,nearest-rank additive residual quantiles,elementwise-d1-4096-float32,,leave_one_out,100-500 MiB,134217728,,171966464,True
,cpu,134217728,134217728,False,False,elementwise,True,0,0.0,134217728,family_ratio,nearest-rank compiler/static ratio quantiles,elementwise-d1-4096-float32,,leave_one_out,100-500 MiB,134217728,,134217728,True
,cpu,134217728,134217728,False,False,elementwise,True,383545799,2.8576388880610466,14913081,size_bucket_ratio,nearest-rank compiler/static ratio quantiles,elementwise-d1-4096-float32,,leave_one_out,100-500 MiB,134217728,,398458880,True
,cpu,33554432,33554432,False,False,elementwise,True,0,0.0,33554432,raw_structural,raw structural estimate,elementwise-d8-2048-float32,,leave_one_out,10-100 MiB,33554432,,33554432,True
,cpu,34578564,33554432,False,False,elementwise,True,88429909,2.635416656732559,11184811,global_ratio,nearest-rank compiler/static ratio quantiles,elementwise-d8-2048-float32,,leave_one_out,10-100 MiB,33554432,,99614720,True
,cpu,34639912,33554432,False,False,elementwise,True,71303168,2.125,0,global_additive,nearest-rank additive residual quantiles,elementwise-d8-2048-float32,,leave_one_out,10-100 MiB,33554432,,71303168,True
,cpu,33554432,33554432,False,False,elementwise,True,0,0.0,33554432,family_ratio,nearest-rank compiler/static ratio quantiles,elementwise-d8-2048-float32,,leave_one_out,10-100 MiB,33554432,,33554432,True
,cpu,34844212,33554432,False,False,elementwise,True,66060288,1.96875,33554432,size_bucket_ratio,nearest-rank compiler/static ratio quantiles,elementwise-d8-2048-float32,,leave_one_out,10-100 MiB,33554432,,99614720,True
,cpu,134217728,134217728,False,False,elementwise,True,0,0.0,134217728,raw_structural,raw structural estimate,elementwise-d8-4096-float32,,leave_one_out,100-500 MiB,134217728,,134217728,True
,cpu,138314256,134217728,False,False,elementwise,True,353719637,2.63541666418314,44739243,global_ratio,nearest-rank compiler/static ratio quantiles,elementwise-d8-4096-float32,,leave_one_out,100-500 MiB,134217728,,398458880,True
,cpu,135303208,134217728,False,False,elementwise,True,71303168,0.53125,100663296,global_additive,nearest-rank additive residual quantiles,elementwise-d8-4096-float32,,leave_one_out,100-500 MiB,134217728,,171966464,True
,cpu,134217728,134217728,False,False,elementwise,True,0,0.0,134217728,family_ratio,nearest-rank compiler/static ratio quantiles,elementwise-d8-4096-float32,,leave_one_out,100-500 MiB,134217728,,134217728,True
,cpu,134217728,134217728,False,False,elementwise,True,383545799,2.8576388880610466,14913081,size_bucket_ratio,nearest-rank compiler/static ratio quantiles,elementwise-d8-4096-float32,,leave_one_out,100-500 MiB,134217728,,398458880,True
,cpu,33554432,33554432,False,False,elementwise,True,0,0.0,33554432,raw_structural,raw structural estimate,elementwise-d16-2048-float32,,leave_one_out,10-100 MiB,33554432,,33554432,True
,cpu,34578564,33554432,False,False,elementwise,True,88429909,2.635416656732559,11184811,global_ratio,nearest-rank compiler/static ratio quantiles,elementwise-d16-2048-float32,,leave_one_out,10-100 MiB,33554432,,99614720,True
,cpu,34639912,33554432,False,False,elementwise,True,71303168,2.125,0,global_additive,nearest-rank additive residual quantiles,elementwise-d16-2048-float32,,leave_one_out,10-100 MiB,33554432,,71303168,True
,cpu,33554432,33554432,False,False,elementwise,True,0,0.0,33554432,family_ratio,nearest-rank compiler/static ratio quantiles,elementwise-d16-2048-float32,,leave_one_out,10-100 MiB,33554432,,33554432,True
,cpu,34844212,33554432,False,False,elementwise,True,66060288,1.96875,33554432,size_bucket_ratio,nearest-rank compiler/static ratio quantiles,elementwise-d16-2048-float32,,leave_one_out,10-100 MiB,33554432,,99614720,True
,cpu,134217728,134217728,False,False,elementwise,True,0,0.0,134217728,raw_structural,raw structural estimate,elementwise-d16-4096-float32,,leave_one_out,100-500 MiB,134217728,,134217728,True
,cpu,138314256,134217728,False,False,elementwise,True,353719637,2.63541666418314,44739243,global_ratio,nearest-rank compiler/static ratio quantiles,elementwise-d16-4096-float32,,leave_one_out,100-500 MiB,134217728,,398458880,True
,cpu,135303208,134217728,False,False,elementwise,True,71303168,0.53125,100663296,global_additive,nearest-rank additive residual quantiles,elementwise-d16-4096-float32,,leave_one_out,100-500 MiB,134217728,,171966464,True
,cpu,134217728,134217728,False,False,elementwise,True,0,0.0,134217728,family_ratio,nearest-rank compiler/static ratio quantiles,elementwise-d16-4096-float32,,leave_one_out,100-500 MiB,134217728,,134217728,True
,cpu,134217728,134217728,False,False,elementwise,True,383545799,2.8576388880610466,14913081,size_bucket_ratio,nearest-rank compiler/static ratio quantiles,elementwise-d16-4096-float32,,leave_one_out,100-500 MiB,134217728,,398458880,True
,cpu,37748736,37748736,False,False,matmul,True,0,0.0,37748736,raw_structural,raw structural estimate,matmul-1024x4096x1024-float32,,leave_one_out,10-100 MiB,37748736,,37748736,True
,cpu,38900884,37748736,False,False,matmul,True,99483648,2.6354166666666665,12582912,global_ratio,nearest-rank compiler/static ratio quantiles,matmul-1024x4096x1024-float32,,leave_one_out,10-100 MiB,37748736,,112066560,True
,cpu,38834216,37748736,False,False,matmul,True,71303168,1.8888888888888888,4194304,global_additive,nearest-rank additive residual quantiles,matmul-1024x4096x1024-float32,,leave_one_out,10-100 MiB,37748736,,75497472,True
,cpu,113246208,37748736,False,False,matmul,True,75497472,2.0,37748736,family_ratio,nearest-rank compiler/static ratio quantiles,matmul-1024x4096x1024-float32,,leave_one_out,10-100 MiB,37748736,,113246208,True
,cpu,39199738,37748736,False,False,matmul,True,74317824,1.96875,37748736,size_bucket_ratio,nearest-rank compiler/static ratio quantiles,matmul-1024x4096x1024-float32,,leave_one_out,10-100 MiB,37748736,,112066560,True
,cpu,50331648,50331648,False,False,matmul,True,0,0.0,50331648,raw_structural,raw structural estimate,matmul-2048x2048x2048-float32,,leave_one_out,10-100 MiB,50331648,,50331648,True
,cpu,51867846,50331648,False,False,matmul,True,132644864,2.6354166666666665,16777216,global_ratio,nearest-rank compiler/static ratio quantiles,matmul-2048x2048x2048-float32,,leave_one_out,10-100 MiB,50331648,,149422080,True
,cpu,51417128,50331648,False,False,matmul,True,71303168,1.4166666666666667,16777216,global_additive,nearest-rank additive residual quantiles,matmul-2048x2048x2048-float32,,leave_one_out,10-100 MiB,50331648,,88080384,True
,cpu,150994944,50331648,False,False,matmul,True,100663296,2.0,50331648,family_ratio,nearest-rank compiler/static ratio quantiles,matmul-2048x2048x2048-float32,,leave_one_out,10-100 MiB,50331648,,150994944,True
,cpu,52266318,50331648,False,False,matmul,True,99090432,1.96875,50331648,size_bucket_ratio,nearest-rank compiler/static ratio quantiles,matmul-2048x2048x2048-float32,,leave_one_out,10-100 MiB,50331648,,149422080,True
,cpu,100663296,33554432,False,False,residual,False,0,0.0,100663296,raw_structural,raw structural estimate,residual-d4-2048-float32,,leave_one_out,10-100 MiB,100663296,,100663296,True
,cpu,103735692,33554432,False,False,residual,False,198180864,1.96875,100663296,global_ratio,nearest-rank compiler/static ratio quantiles,residual-d4-2048-float32,,leave_one_out,10-100 MiB,100663296,,298844160,True
,cpu,101748776,33554432,False,False,residual,False,37748736,0.375,100663296,global_additive,nearest-rank additive residual quantiles,residual-d4-2048-float32,,leave_one_out,10-100 MiB,100663296,,138412032,True
,cpu,11184811,33554432,False,False,residual,True,22369621,0.22222221891085306,11184811,family_ratio,nearest-rank compiler/static ratio quantiles,residual-d4-2048-float32,,leave_one_out,10-100 MiB,100663296,,33554432,True
,cpu,104532636,33554432,False,False,residual,False,198180864,1.96875,100663296,size_bucket_ratio,nearest-rank compiler/static ratio quantiles,residual-d4-2048-float32,,leave_one_out,10-100 MiB,100663296,,298844160,True
,cpu,301989888,33554432,False,False,residual,False,0,0.0,301989888,raw_structural,raw structural estimate,residual-d16-2048-float32,,leave_one_out,100-500 MiB,301989888,,301989888,True
,cpu,311207075,33554432,False,False,residual,False,594542592,1.96875,301989888,global_ratio,nearest-rank compiler/static ratio quantiles,residual-d16-2048-float32,,leave_one_out,100-500 MiB,301989888,,896532480,True
,cpu,303075368,33554432,False,False,residual,False,37748736,0.125,301989888,global_additive,nearest-rank additive residual quantiles,residual-d16-2048-float32,,leave_one_out,100-500 MiB,301989888,,339738624,True
,cpu,100663296,33554432,False,False,residual,True,67108864,0.2222222222222222,33554432,family_ratio,nearest-rank compiler/static ratio quantiles,residual-d16-2048-float32,,leave_one_out,100-500 MiB,301989888,,100663296,True
,cpu,301989888,33554432,False,False,residual,True,862978048,2.857638888888889,33554432,size_bucket_ratio,nearest-rank compiler/static ratio quantiles,residual-d16-2048-float32,,leave_one_out,100-500 MiB,301989888,,896532480,True
,cpu,29360128,32505856,False,False,mlp,False,0,0.0,29360128,raw_structural,raw structural estimate,mlp-b256-w2048-d2-float32,,leave_one_out,10-100 MiB,29360128,,29360128,False
,cpu,30039283,32505856,False,False,mlp,True,77376171,2.6354166780199324,9786709,global_ratio,nearest-rank compiler/static ratio quantiles,mlp-b256-w2048-d2-float32,,leave_one_out,10-100 MiB,29360128,,87162880,True
,cpu,30408704,32505856,False,False,mlp,True,67108864,2.2857142857142856,0,global_additive,nearest-rank additive residual quantiles,mlp-b256-w2048-d2-float32,,leave_one_out,10-100 MiB,29360128,,67108864,True
,cpu,87031808,32505856,False,False,mlp,True,55050240,1.875,32112640,family_ratio,nearest-rank compiler/static ratio quantiles,mlp-b256-w2048-d2-float32,,leave_one_out,10-100 MiB,29360128,,87162880,True
,cpu,29360128,32505856,False,False,mlp,True,57802752,1.96875,29360128,size_bucket_ratio,nearest-rank compiler/static ratio quantiles,mlp-b256-w2048-d2-float32,,leave_one_out,10-100 MiB,29360128,,87162880,True
,cpu,67108864,73400320,False,False,mlp,False,0,0.0,67108864,raw_structural,raw structural estimate,mlp-b512-w2048-d4-float32,,leave_one_out,10-100 MiB,67108864,,67108864,False
,cpu,68661219,73400320,False,False,mlp,True,176859819,2.6354166716337204,22369621,global_ratio,nearest-rank compiler/static ratio quantiles,mlp-b512-w2048-d4-float32,,leave_one_out,10-100 MiB,67108864,,199229440,True
,cpu,68157440,73400320,False,False,mlp,True,71303168,1.0625,33554432,global_additive,nearest-rank additive residual quantiles,mlp-b512-w2048-d4-float32,,leave_one_out,10-100 MiB,67108864,,104857600,True
,cpu,198929847,73400320,False,False,mlp,True,125829120,1.875,73400320,family_ratio,nearest-rank compiler/static ratio quantiles,mlp-b512-w2048-d4-float32,,leave_one_out,10-100 MiB,67108864,,199229440,True
,cpu,67108864,73400320,False,False,mlp,True,132120576,1.96875,67108864,size_bucket_ratio,nearest-rank compiler/static ratio quantiles,mlp-b512-w2048-d4-float32,,leave_one_out,10-100 MiB,67108864,,199229440,True
,cpu,268435456,293601280,False,False,mlp,False,0,0.0,268435456,raw_structural,raw structural estimate,mlp-b1024-w4096-d4-float32,,leave_one_out,100-500 MiB,268435456,,268435456,False
,cpu,274644875,293601280,False,False,mlp,True,707439275,2.63541666790843,89478485,global_ratio,nearest-rank compiler/static ratio quantiles,mlp-b1024-w4096-d4-float32,,leave_one_out,100-500 MiB,268435456,,796917760,True
,cpu,269484032,293601280,False,False,mlp,True,71303168,0.265625,234881024,global_additive,nearest-rank additive residual quantiles,mlp-b1024-w4096-d4-float32,,leave_one_out,100-500 MiB,268435456,,306184192,True
,cpu,795719387,293601280,False,False,mlp,True,503316480,1.875,293601280,family_ratio,nearest-rank compiler/static ratio quantiles,mlp-b1024-w4096-d4-float32,,leave_one_out,100-500 MiB,268435456,,796917760,True
,cpu,268435456,293601280,False,False,mlp,True,767091598,2.8576388880610466,29826162,size_bucket_ratio,nearest-rank compiler/static ratio quantiles,mlp-b1024-w4096-d4-float32,,leave_one_out,100-500 MiB,268435456,,796917760,True
,cpu,17842176,19136512,False,False,attention,False,0,0.0,17842176,raw_structural,raw structural estimate,attention-b1-h8-s512-d64-float32,,leave_one_out,10-100 MiB,17842176,,17842176,False
,cpu,18254899,19136512,False,False,attention,True,47021568,2.6354166666666665,5947392,global_ratio,nearest-rank compiler/static ratio quantiles,attention-b1-h8-s512-d64-float32,,leave_one_out,10-100 MiB,17842176,,52968960,True
,cpu,18890752,19136512,False,False,attention,True,55590912,3.115702479338843,0,global_additive,nearest-rank additive residual quantiles,attention-b1-h8-s512-d64-float32,,leave_one_out,10-100 MiB,17842176,,55590912,True
,cpu,18644356,19136512,False,False,attention,True,1725665,0.09671830386607552,18254899,family_ratio,nearest-rank compiler/static ratio quantiles,attention-b1-h8-s512-d64-float32,,leave_one_out,10-100 MiB,17842176,,19980564,True
,cpu,17842176,19136512,False,False,attention,True,35126784,1.96875,17842176,size_bucket_ratio,nearest-rank compiler/static ratio quantiles,attention-b1-h8-s512-d64-float32,,leave_one_out,10-100 MiB,17842176,,52968960,True
,cpu,69238784,72351744,False,False,attention,False,0,0.0,69238784,raw_structural,raw structural estimate,attention-b1-h8-s1024-d64-float32,,leave_one_out,10-100 MiB,69238784,,69238784,False
,cpu,70840408,72351744,False,False,attention,True,182473045,2.635416661852409,23079595,global_ratio,nearest-rank compiler/static ratio quantiles,attention-b1-h8-s1024-d64-float32,,leave_one_out,10-100 MiB,69238784,,205552640,True
,cpu,70287360,72351744,False,False,attention,True,71303168,1.029815428300994,35684352,global_additive,nearest-rank additive residual quantiles,attention-b1-h8-s1024-d64-float32,,leave_one_out,10-100 MiB,69238784,,106987520,True
,cpu,72784345,72351744,False,False,attention,True,6696657,0.09671829303068061,70840408,family_ratio,nearest-rank compiler/static ratio quantiles,attention-b1-h8-s1024-d64-float32,,leave_one_out,10-100 MiB,69238784,,77537065,True
,cpu,69238784,72351744,False,False,attention,True,136313856,1.96875,69238784,size_bucket_ratio,nearest-rank compiler/static ratio quantiles,attention-b1-h8-s1024-d64-float32,,leave_one_out,10-100 MiB,69238784,,205552640,True
,cpu,272695296,281018368,False,False,attention,False,0,0.0,272695296,raw_structural,raw structural estimate,attention-b1-h8-s2048-d64-float32,,leave_one_out,100-500 MiB,272695296,,272695296,False
,cpu,279003253,281018368,False,False,attention,True,718665728,2.6354166666666665,90898432,global_ratio,nearest-rank compiler/static ratio quantiles,attention-b1-h8-s2048-d64-float32,,leave_one_out,100-500 MiB,272695296,,809564160,True
,cpu,273743872,281018368,False,False,attention,True,71303168,0.26147560682528237,239140864,global_additive,nearest-rank additive residual quantiles,attention-b1-h8-s2048-d64-float32,,leave_one_out,100-500 MiB,272695296,,310444032,True
,cpu,286659403,281018368,False,False,attention,True,26374625,0.09671829836037948,279003253,family_ratio,nearest-rank compiler/static ratio quantiles,attention-b1-h8-s2048-d64-float32,,leave_one_out,100-500 MiB,272695296,,305377878,True
,cpu,272695296,281018368,False,False,attention,True,779264683,2.8576388901112546,30299477,size_bucket_ratio,nearest-rank compiler/static ratio quantiles,attention-b1-h8-s2048-d64-float32,,leave_one_out,100-500 MiB,272695296,,809564160,True
,cpu,1082261504,1107296256,False,False,attention,False,0,0.0,1082261504,raw_structural,raw structural estimate,attention-b1-h8-s4096-d64-float32,,leave_one_out,>1 GiB,1082261504,,1082261504,False
,cpu,1115293759,1107296256,False,False,attention,True,2852210005,2.63541666635867,360753835,global_ratio,nearest-rank compiler/static ratio quantiles,attention-b1-h8-s4096-d64-float32,,leave_one_out,>1 GiB,1082261504,,3212963840,True
,cpu,1083310080,1107296256,False,False,attention,True,71303168,0.06588349279399297,1048707072,global_additive,nearest-rank additive residual quantiles,attention-b1-h8-s4096-d64-float32,,leave_one_out,>1 GiB,1082261504,,1120010240,True
,cpu,1137681658,1107296256,False,False,attention,False,96676989,0.08932867762799036,1115293759,family_ratio,nearest-rank compiler/static ratio quantiles,attention-b1-h8-s4096-d64-float32,,leave_one_out,>1 GiB,1082261504,,1211970748,True
,cpu,1115293759,1107296256,False,False,attention,True,2852210005,2.63541666635867,360753835,size_bucket_ratio,nearest-rank compiler/static ratio quantiles,attention-b1-h8-s4096-d64-float32,,leave_one_out,>1 GiB,1082261504,,3212963840,True
,cpu,27279360,28327936,False,False,transformer,False,0,0.0,27279360,raw_structural,raw structural estimate,transformer-s512-w512-float32,,leave_one_out,10-100 MiB,27279360,,27279360,False
,cpu,27910383,28327936,False,False,transformer,True,71892480,2.6354166666666665,9093120,global_ratio,nearest-rank compiler/static ratio quantiles,transformer-s512-w512-float32,,leave_one_out,10-100 MiB,27279360,,80985600,True
,cpu,28364840,28327936,False,False,transformer,True,65028096,2.383783783783784,0,global_additive,nearest-rank additive residual quantiles,transformer-s512-w512-float32,,leave_one_out,10-100 MiB,27279360,,65028096,True
,cpu,41708112,28327936,False,False,transformer,False,0,0.0,41708112,family_ratio,nearest-rank compiler/static ratio quantiles,transformer-s512-w512-float32,,leave_one_out,10-100 MiB,27279360,,41708112,True
,cpu,27279360,28327936,False,False,transformer,True,53706240,1.96875,27279360,size_bucket_ratio,nearest-rank compiler/static ratio quantiles,transformer-s512-w512-float32,,leave_one_out,10-100 MiB,27279360,,80985600,True
,cpu,18882564,19968044,False,False,training,False,0,0.0,18882564,raw_structural,raw structural estimate,training-b512-w1024-float32,,leave_one_out,10-100 MiB,18882564,,18882564,False
,cpu,19319353,19968044,False,False,training,True,49763424,2.6354166732865303,6294188,global_ratio,nearest-rank compiler/static ratio quantiles,training-b512-w1024-float32,,leave_one_out,10-100 MiB,18882564,,56057612,True
,cpu,19931140,19968044,False,False,training,True,56631300,2.999131897553743,0,global_additive,nearest-rank additive residual quantiles,training-b512-w1024-float32,,leave_one_out,10-100 MiB,18882564,,56631300,True
,cpu,34615380,19968044,False,False,training,False,0,0.0,34615380,family_ratio,nearest-rank compiler/static ratio quantiles,training-b512-w1024-float32,,leave_one_out,10-100 MiB,18882564,,34615380,True
,cpu,18882564,19968044,False,False,training,True,37175048,1.9687500066198638,18882564,size_bucket_ratio,nearest-rank compiler/static ratio quantiles,training-b512-w1024-float32,,leave_one_out,10-100 MiB,18882564,,56057612,True
,cpu,16777216,16777216,False,False,elementwise,True,0,0.0,16777216,raw_structural,raw structural estimate,elementwise-d1-2048-float16,,leave_one_out,10-100 MiB,16777216,,16777216,True
,cpu,17289282,16777216,False,False,elementwise,True,44214955,2.6354166865348816,5592405,global_ratio,nearest-rank compiler/static ratio quantiles,elementwise-d1-2048-float16,,leave_one_out,10-100 MiB,16777216,,49807360,True
,cpu,17862696,16777216,False,False,elementwise,True,54525952,3.25,0,global_additive,nearest-rank additive residual quantiles,elementwise-d1-2048-float16,,leave_one_out,10-100 MiB,16777216,,54525952,True
,cpu,16777216,16777216,False,False,elementwise,True,0,0.0,16777216,family_ratio,nearest-rank compiler/static ratio quantiles,elementwise-d1-2048-float16,,leave_one_out,10-100 MiB,16777216,,16777216,True
,cpu,17422106,16777216,False,False,elementwise,True,33030144,1.96875,16777216,size_bucket_ratio,nearest-rank compiler/static ratio quantiles,elementwise-d1-2048-float16,,leave_one_out,10-100 MiB,16777216,,49807360,True
,cpu,67108864,67108864,False,False,elementwise,True,0,0.0,67108864,raw_structural,raw structural estimate,elementwise-d1-4096-float16,,leave_one_out,10-100 MiB,67108864,,67108864,True
,cpu,69157128,67108864,False,False,elementwise,True,176859819,2.6354166716337204,22369621,global_ratio,nearest-rank compiler/static ratio quantiles,elementwise-d1-4096-float16,,leave_one_out,10-100 MiB,67108864,,199229440,True
,cpu,68194344,67108864,False,False,elementwise,True,71303168,1.0625,33554432,global_additive,nearest-rank additive residual quantiles,elementwise-d1-4096-float16,,leave_one_out,10-100 MiB,67108864,,104857600,True
,cpu,67108864,67108864,False,False,elementwise,True,0,0.0,67108864,family_ratio,nearest-rank compiler/static ratio quantiles,elementwise-d1-4096-float16,,leave_one_out,10-100 MiB,67108864,,67108864,True
,cpu,69688424,67108864,False,False,elementwise,True,132120576,1.96875,67108864,size_bucket_ratio,nearest-rank compiler/static ratio quantiles,elementwise-d1-4096-float16,,leave_one_out,10-100 MiB,67108864,,199229440,True
,cpu,16777216,16777216,False,False,elementwise,True,0,0.0,16777216,raw_structural,raw structural estimate,elementwise-d8-2048-float16,,leave_one_out,10-100 MiB,16777216,,16777216,True
,cpu,17289282,16777216,False,False,elementwise,True,44214955,2.6354166865348816,5592405,global_ratio,nearest-rank compiler/static ratio quantiles,elementwise-d8-2048-float16,,leave_one_out,10-100 MiB,16777216,,49807360,True
,cpu,17862696,16777216,False,False,elementwise,True,54525952,3.25,0,global_additive,nearest-rank additive residual quantiles,elementwise-d8-2048-float16,,leave_one_out,10-100 MiB,16777216,,54525952,True
,cpu,16777216,16777216,False,False,elementwise,True,0,0.0,16777216,family_ratio,nearest-rank compiler/static ratio quantiles,elementwise-d8-2048-float16,,leave_one_out,10-100 MiB,16777216,,16777216,True
,cpu,17422106,16777216,False,False,elementwise,True,33030144,1.96875,16777216,size_bucket_ratio,nearest-rank compiler/static ratio quantiles,elementwise-d8-2048-float16,,leave_one_out,10-100 MiB,16777216,,49807360,True
,cpu,67108864,67108864,False,False,elementwise,True,0,0.0,67108864,raw_structural,raw structural estimate,elementwise-d8-4096-float16,,leave_one_out,10-100 MiB,67108864,,67108864,True
,cpu,69157128,67108864,False,False,elementwise,True,176859819,2.6354166716337204,22369621,global_ratio,nearest-rank compiler/static ratio quantiles,elementwise-d8-4096-float16,,leave_one_out,10-100 MiB,67108864,,199229440,True
,cpu,68194344,67108864,False,False,elementwise,True,71303168,1.0625,33554432,global_additive,nearest-rank additive residual quantiles,elementwise-d8-4096-float16,,leave_one_out,10-100 MiB,67108864,,104857600,True
,cpu,67108864,67108864,False,False,elementwise,True,0,0.0,67108864,family_ratio,nearest-rank compiler/static ratio quantiles,elementwise-d8-4096-float16,,leave_one_out,10-100 MiB,67108864,,67108864,True
,cpu,69688424,67108864,False,False,elementwise,True,132120576,1.96875,67108864,size_bucket_ratio,nearest-rank compiler/static ratio quantiles,elementwise-d8-4096-float16,,leave_one_out,10-100 MiB,67108864,,199229440,True
,cpu,16777216,16777216,False,False,elementwise,True,0,0.0,16777216,raw_structural,raw structural estimate,elementwise-d16-2048-float16,,leave_one_out,10-100 MiB,16777216,,16777216,True
,cpu,17289282,16777216,False,False,elementwise,True,44214955,2.6354166865348816,5592405,global_ratio,nearest-rank compiler/static ratio quantiles,elementwise-d16-2048-float16,,leave_one_out,10-100 MiB,16777216,,49807360,True
,cpu,17862696,16777216,False,False,elementwise,True,54525952,3.25,0,global_additive,nearest-rank additive residual quantiles,elementwise-d16-2048-float16,,leave_one_out,10-100 MiB,16777216,,54525952,True
,cpu,16777216,16777216,False,False,elementwise,True,0,0.0,16777216,family_ratio,nearest-rank compiler/static ratio quantiles,elementwise-d16-2048-float16,,leave_one_out,10-100 MiB,16777216,,16777216,True
,cpu,17422106,16777216,False,False,elementwise,True,33030144,1.96875,16777216,size_bucket_ratio,nearest-rank compiler/static ratio quantiles,elementwise-d16-2048-float16,,leave_one_out,10-100 MiB,16777216,,49807360,True
,cpu,67108864,67108864,False,False,elementwise,True,0,0.0,67108864,raw_structural,raw structural estimate,elementwise-d16-4096-float16,,leave_one_out,10-100 MiB,67108864,,67108864,True
,cpu,69157128,67108864,False,False,elementwise,True,176859819,2.6354166716337204,22369621,global_ratio,nearest-rank compiler/static ratio quantiles,elementwise-d16-4096-float16,,leave_one_out,10-100 MiB,67108864,,199229440,True
,cpu,68194344,67108864,False,False,elementwise,True,71303168,1.0625,33554432,global_additive,nearest-rank additive residual quantiles,elementwise-d16-4096-float16,,leave_one_out,10-100 MiB,67108864,,104857600,True
,cpu,67108864,67108864,False,False,elementwise,True,0,0.0,67108864,family_ratio,nearest-rank compiler/static ratio quantiles,elementwise-d16-4096-float16,,leave_one_out,10-100 MiB,67108864,,67108864,True
,cpu,69688424,67108864,False,False,elementwise,True,132120576,1.96875,67108864,size_bucket_ratio,nearest-rank compiler/static ratio quantiles,elementwise-d16-4096-float16,,leave_one_out,10-100 MiB,67108864,,199229440,True
,cpu,18874368,56623104,False,False,matmul,False,0,0.0,18874368,raw_structural,raw structural estimate,matmul-1024x4096x1024-float16,,leave_one_out,10-100 MiB,18874368,,18874368,False
,cpu,19310968,56623104,False,False,matmul,False,49657563,2.6309523582458496,6291456,global_ratio,nearest-rank compiler/static ratio quantiles,matmul-1024x4096x1024-float16,,leave_one_out,10-100 MiB,18874368,,55949019,False
,cpu,19922944,56623104,False,False,matmul,False,48103424,2.548611111111111,0,global_additive,nearest-rank additive residual quantiles,matmul-1024x4096x1024-float16,,leave_one_out,10-100 MiB,18874368,,48103424,False
,cpu,18874368,56623104,False,False,matmul,True,37748736,2.0,18874368,family_ratio,nearest-rank compiler/static ratio quantiles,matmul-1024x4096x1024-float16,,leave_one_out,10-100 MiB,18874368,,56623104,True
,cpu,18874368,56623104,False,False,matmul,False,37074651,1.9642856915791829,18874368,size_bucket_ratio,nearest-rank compiler/static ratio quantiles,matmul-1024x4096x1024-float16,,leave_one_out,10-100 MiB,18874368,,55949019,False
,cpu,25165824,75497472,False,False,matmul,False,0,0.0,25165824,raw_structural,raw structural estimate,matmul-2048x2048x2048-float16,,leave_one_out,10-100 MiB,25165824,,25165824,False
,cpu,25747957,75497472,False,False,matmul,False,66210085,2.6309523979822793,8388608,global_ratio,nearest-rank compiler/static ratio quantiles,matmul-2048x2048x2048-float16,,leave_one_out,10-100 MiB,25165824,,74598693,False
,cpu,26214400,75497472,False,False,matmul,False,54394880,2.1614583333333335,0,global_additive,nearest-rank additive residual quantiles,matmul-2048x2048x2048-float16,,leave_one_out,10-100 MiB,25165824,,54394880,False
,cpu,25165824,75497472,False,False,matmul,True,50331648,2.0,25165824,family_ratio,nearest-rank compiler/static ratio quantiles,matmul-2048x2048x2048-float16,,leave_one_out,10-100 MiB,25165824,,75497472,True
,cpu,25165824,75497472,False,False,matmul,False,49432869,1.9642857313156128,25165824,size_bucket_ratio,nearest-rank compiler/static ratio quantiles,matmul-2048x2048x2048-float16,,leave_one_out,10-100 MiB,25165824,,74598693,False
,cpu,50331648,16777216,False,False,residual,False,0,0.0,50331648,raw_structural,raw structural estimate,residual-d4-2048-float16,,leave_one_out,10-100 MiB,50331648,,50331648,True
,cpu,51867846,16777216,False,False,residual,False,99090432,1.96875,50331648,global_ratio,nearest-rank compiler/static ratio quantiles,residual-d4-2048-float16,,leave_one_out,10-100 MiB,50331648,,149422080,True
,cpu,51417128,16777216,False,False,residual,False,37748736,0.75,50331648,global_additive,nearest-rank additive residual quantiles,residual-d4-2048-float16,,leave_one_out,10-100 MiB,50331648,,88080384,True
,cpu,5592405,16777216,False,False,residual,True,11184811,0.22222222884496054,5592405,family_ratio,nearest-rank compiler/static ratio quantiles,residual-d4-2048-float16,,leave_one_out,10-100 MiB,50331648,,16777216,True
,cpu,52266318,16777216,False,False,residual,False,99090432,1.96875,50331648,size_bucket_ratio,nearest-rank compiler/static ratio quantiles,residual-d4-2048-float16,,leave_one_out,10-100 MiB,50331648,,149422080,True
,cpu,150994944,16777216,False,False,residual,False,0,0.0,150994944,raw_structural,raw structural estimate,residual-d16-2048-float16,,leave_one_out,100-500 MiB,150994944,,150994944,True
,cpu,155603538,16777216,False,False,residual,False,297271296,1.96875,150994944,global_ratio,nearest-rank compiler/static ratio quantiles,residual-d16-2048-float16,,leave_one_out,100-500 MiB,150994944,,448266240,True
,cpu,152080424,16777216,False,False,residual,False,37748736,0.25,150994944,global_additive,nearest-rank additive residual quantiles,residual-d16-2048-float16,,leave_one_out,100-500 MiB,150994944,,188743680,True
,cpu,50331648,16777216,False,False,residual,True,33554432,0.2222222222222222,16777216,family_ratio,nearest-rank compiler/static ratio quantiles,residual-d16-2048-float16,,leave_one_out,100-500 MiB,150994944,,50331648,True
,cpu,150994944,16777216,False,False,residual,True,431489024,2.857638888888889,16777216,size_bucket_ratio,nearest-rank compiler/static ratio quantiles,residual-d16-2048-float16,,leave_one_out,100-500 MiB,150994944,,448266240,True
,cpu,14680064,43515904,False,False,mlp,False,0,0.0,14680064,raw_structural,raw structural estimate,mlp-b256-w2048-d2-float16,,leave_one_out,10-100 MiB,14680064,,14680064,False
,cpu,15019642,43515904,False,False,mlp,True,38688085,2.635416643960135,4893355,global_ratio,nearest-rank compiler/static ratio quantiles,mlp-b256-w2048-d2-float16,,leave_one_out,10-100 MiB,14680064,,43581440,True
,cpu,15728640,43515904,False,False,mlp,True,52428800,3.5714285714285716,0,global_additive,nearest-rank additive residual quantiles,mlp-b256-w2048-d2-float16,,leave_one_out,10-100 MiB,14680064,,52428800,True
,cpu,16252928,43515904,False,False,mlp,True,27525120,1.875,16056320,family_ratio,nearest-rank compiler/static ratio quantiles,mlp-b256-w2048-d2-float16,,leave_one_out,10-100 MiB,14680064,,43581440,True
,cpu,14680064,43515904,False,False,mlp,True,28901376,1.96875,14680064,size_bucket_ratio,nearest-rank compiler/static ratio quantiles,mlp-b256-w2048-d2-float16,,leave_one_out,10-100 MiB,14680064,,43581440,True
,cpu,33554432,99614720,False,False,mlp,False,0,0.0,33554432,raw_structural,raw structural estimate,mlp-b512-w2048-d4-float16,,leave_one_out,10-100 MiB,33554432,,33554432,False
,cpu,34330609,99614720,False,False,mlp,False,88280112,2.6309523582458496,11184811,global_ratio,nearest-rank compiler/static ratio quantiles,mlp-b512-w2048-d4-float16,,leave_one_out,10-100 MiB,33554432,,99464923,False
,cpu,34603008,99614720,False,False,mlp,False,62783488,1.87109375,0,global_additive,nearest-rank additive residual quantiles,mlp-b512-w2048-d4-float16,,leave_one_out,10-100 MiB,33554432,,62783488,False
,cpu,37149550,99614720,False,False,mlp,True,62914560,1.875,36700160,family_ratio,nearest-rank compiler/static ratio quantiles,mlp-b512-w2048-d4-float16,,leave_one_out,10-100 MiB,33554432,,99614720,True
,cpu,33554432,99614720,False,False,mlp,False,65910491,1.9642857015132904,33554432,size_bucket_ratio,nearest-rank compiler/static ratio quantiles,mlp-b512-w2048-d4-float16,,leave_one_out,10-100 MiB,33554432,,99464923,False
,cpu,134217728,398458880,False,False,mlp,False,0,0.0,134217728,raw_structural,raw structural estimate,mlp-b1024-w4096-d4-float16,,leave_one_out,100-500 MiB,134217728,,134217728,False
,cpu,137322437,398458880,False,False,mlp,False,353120451,2.6309523805975914,44739243,global_ratio,nearest-rank compiler/static ratio quantiles,mlp-b1024-w4096-d4-float16,,leave_one_out,100-500 MiB,134217728,,397859694,False
,cpu,135266304,398458880,False,False,mlp,False,62783488,0.4677734375,100663296,global_additive,nearest-rank additive residual quantiles,mlp-b1024-w4096-d4-float16,,leave_one_out,100-500 MiB,134217728,,163446784,False
,cpu,148598199,398458880,False,False,mlp,True,251658240,1.875,146800640,family_ratio,nearest-rank compiler/static ratio quantiles,mlp-b1024-w4096-d4-float16,,leave_one_out,100-500 MiB,134217728,,398458880,True
,cpu,134217728,398458880,False,False,mlp,False,131887559,0.9826388880610466,14913081,size_bucket_ratio,nearest-rank compiler/static ratio quantiles,mlp-b1024-w4096-d4-float16,,leave_one_out,100-500 MiB,134217728,,146800640,False
,cpu,13123584,14696448,False,False,attention,False,0,0.0,13123584,raw_structural,raw structural estimate,attention-b1-h8-s512-d64-float16,,leave_one_out,10-100 MiB,13123584,,13123584,False
,cpu,13427157,14696448,False,False,attention,True,34586112,2.6354166666666665,4374528,global_ratio,nearest-rank compiler/static ratio quantiles,attention-b1-h8-s512-d64-float16,,leave_one_out,10-100 MiB,13123584,,38960640,True
,cpu,14172160,14696448,False,False,attention,True,50872320,3.8764044943820224,0,global_additive,nearest-rank additive residual quantiles,attention-b1-h8-s512-d64-float16,,leave_one_out,10-100 MiB,13123584,,50872320,True
,cpu,13713617,14696448,False,False,attention,False,648459,0.049411730819873594,13427157,family_ratio,nearest-rank compiler/static ratio quantiles,attention-b1-h8-s512-d64-float16,,leave_one_out,10-100 MiB,13123584,,14075616,False
,cpu,13123584,14696448,False,False,attention,True,25837056,1.96875,13123584,size_bucket_ratio,nearest-rank compiler/static ratio quantiles,attention-b1-h8-s512-d64-float16,,leave_one_out,10-100 MiB,13123584,,38960640,True
,cpu,51412992,54558720,False,False,attention,False,0,0.0,51412992,raw_structural,raw structural estimate,attention-b1-h8-s1024-d64-float16,,leave_one_out,10-100 MiB,51412992,,51412992,False
,cpu,52602272,54558720,False,False,attention,True,135494656,2.6354166666666665,17137664,global_ratio,nearest-rank compiler/static ratio quantiles,attention-b1-h8-s1024-d64-float16,,leave_one_out,10-100 MiB,51412992,,152632320,True
,cpu,52461568,54558720,False,False,attention,True,71303168,1.3868706182281707,17858560,global_additive,nearest-rank additive residual quantiles,attention-b1-h8-s1024-d64-float16,,leave_one_out,10-100 MiB,51412992,,89161728,True
,cpu,53724508,54558720,False,False,attention,True,4972577,0.0967182964181505,52602272,family_ratio,nearest-rank compiler/static ratio quantiles,attention-b1-h8-s1024-d64-float16,,leave_one_out,10-100 MiB,51412992,,57574849,True
,cpu,51412992,54558720,False,False,attention,True,101219328,1.96875,51412992,size_bucket_ratio,nearest-rank compiler/static ratio quantiles,attention-b1-h8-s1024-d64-float16,,leave_one_out,10-100 MiB,51412992,,152632320,True
,cpu,203489280,213909504,False,False,attention,False,0,0.0,203489280,raw_structural,raw structural estimate,attention-b1-h8-s2048-d64-float16,,leave_one_out,100-500 MiB,203489280,,203489280,False
,cpu,208196371,213909504,False,False,attention,True,536279040,2.6354166666666665,67829760,global_ratio,nearest-rank compiler/static ratio quantiles,attention-b1-h8-s2048-d64-float16,,leave_one_out,100-500 MiB,203489280,,604108800,True
,cpu,204537856,213909504,False,False,attention,True,71303168,0.350402576489533,169934848,global_additive,nearest-rank additive residual quantiles,attention-b1-h8-s2048-d64-float16,,leave_one_out,100-500 MiB,203489280,,241238016,True
,cpu,212638112,213909504,False,False,attention,True,19681137,0.09671829887058424,208196371,family_ratio,nearest-rank compiler/static ratio quantiles,attention-b1-h8-s2048-d64-float16,,leave_one_out,100-500 MiB,203489280,,227877508,True
,cpu,203489280,213909504,False,False,attention,True,581498880,2.857638888888889,22609920,size_bucket_ratio,nearest-rank compiler/static ratio quantiles,attention-b1-h8-s2048-d64-float16,,leave_one_out,100-500 MiB,203489280,,604108800,True
,cpu,809631744,838860800,False,False,attention,False,0,0.0,809631744,raw_structural,raw structural estimate,attention-b1-h8-s4096-d64-float16,,leave_one_out,500 MiB-1 GiB,809631744,,809631744,False
,cpu,828360055,838860800,False,False,attention,True,2133716992,2.6354166666666665,269877248,global_ratio,nearest-rank compiler/static ratio quantiles,attention-b1-h8-s4096-d64-float16,,leave_one_out,500 MiB-1 GiB,809631744,,2403594240,True
,cpu,810680320,838860800,False,False,attention,True,71303168,0.0880686417354703,776077312,global_additive,nearest-rank additive residual quantiles,attention-b1-h8-s4096-d64-float16,,leave_one_out,500 MiB-1 GiB,809631744,,847380480,True
,cpu,851091147,838860800,False,False,attention,True,78306205,0.0967182988813245,828360055,family_ratio,nearest-rank compiler/static ratio quantiles,attention-b1-h8-s4096-d64-float16,,leave_one_out,500 MiB-1 GiB,809631744,,906666260,True
,cpu,828360055,838860800,False,False,attention,True,2133716992,2.6354166666666665,269877248,size_bucket_ratio,nearest-rank compiler/static ratio quantiles,attention-b1-h8-s4096-d64-float16,,leave_one_out,500 MiB-1 GiB,809631744,,2403594240,True
,cpu,17842176,27279360,False,False,transformer,False,0,0.0,17842176,raw_structural,raw structural estimate,transformer-s512-w512-float16,,leave_one_out,10-100 MiB,17842176,,17842176,False
,cpu,18254899,27279360,False,False,transformer,True,47021568,2.6354166666666665,5947392,global_ratio,nearest-rank compiler/static ratio quantiles,transformer-s512-w512-float16,,leave_one_out,10-100 MiB,17842176,,52968960,True
,cpu,18890752,27279360,False,False,transformer,True,55590912,3.115702479338843,0,global_additive,nearest-rank additive residual quantiles,transformer-s512-w512-float16,,leave_one_out,10-100 MiB,17842176,,55590912,True
,cpu,18528001,27279360,False,False,transformer,False,0,0.0,18528001,family_ratio,nearest-rank compiler/static ratio quantiles,transformer-s512-w512-float16,,leave_one_out,10-100 MiB,17842176,,18528001,False
,cpu,17842176,27279360,False,False,transformer,True,35126784,1.96875,17842176,size_bucket_ratio,nearest-rank compiler/static ratio quantiles,transformer-s512-w512-float16,,leave_one_out,10-100 MiB,17842176,,52968960,True
,cpu,9441282,17307690,False,False,training,False,0,0.0,9441282,raw_structural,raw structural estimate,training-b512-w1024-float16,,leave_one_out,10-100 MiB,9441282,,9441282,False
,cpu,9659677,17307690,False,False,training,True,24881712,2.6354166732865303,3147094,global_ratio,nearest-rank compiler/static ratio quantiles,training-b512-w1024-float16,,leave_one_out,10-100 MiB,9441282,,28028806,True
,cpu,10489858,17307690,False,False,training,True,47190018,4.998263795107486,0,global_additive,nearest-rank additive residual quantiles,training-b512-w1024-float16,,leave_one_out,10-100 MiB,9441282,,47190018,True
,cpu,9984022,17307690,False,False,training,False,0,0.0,9984022,family_ratio,nearest-rank compiler/static ratio quantiles,training-b512-w1024-float16,,leave_one_out,10-100 MiB,9441282,,9984022,False
,cpu,9441282,17307690,False,False,training,True,18587524,1.9687500066198638,9441282,size_bucket_ratio,nearest-rank compiler/static ratio quantiles,training-b512-w1024-float16,,leave_one_out,10-100 MiB,9441282,,28028806,True
,cpu,33554432,33554432,False,False,elementwise,True,0,0.0,33554432,raw_structural,raw structural estimate,elementwise-d1-2048-float32,,leave_family_out,10-100 MiB,33554432,,33554432,True
,cpu,35483337,33554432,False,False,elementwise,True,88429909,2.635416656732559,11184811,global_ratio,nearest-rank compiler/static ratio quantiles,elementwise-d1-2048-float32,,leave_family_out,10-100 MiB,33554432,,99614720,True
,cpu,36700160,33554432,False,False,elementwise,True,83886080,2.5,0,global_additive,nearest-rank additive residual quantiles,elementwise-d1-2048-float32,,leave_family_out,10-100 MiB,33554432,,83886080,True
,cpu,35483337,33554432,False,False,elementwise,True,88429909,2.635416656732559,11184811,family_ratio,nearest-rank compiler/static ratio quantiles,elementwise-d1-2048-float32,,leave_family_out,10-100 MiB,33554432,,99614720,True
,cpu,35988592,33554432,False,False,elementwise,True,89478485,2.666666656732559,11184811,size_bucket_ratio,nearest-rank compiler/static ratio quantiles,elementwise-d1-2048-float32,,leave_family_out,10-100 MiB,33554432,,100663296,True
,cpu,134217728,134217728,False,False,elementwise,True,0,0.0,134217728,raw_structural,raw structural estimate,elementwise-d1-4096-float32,,leave_family_out,100-500 MiB,134217728,,134217728,True
,cpu,141933346,134217728,False,False,elementwise,True,353719637,2.63541666418314,44739243,global_ratio,nearest-rank compiler/static ratio quantiles,elementwise-d1-4096-float32,,leave_family_out,100-500 MiB,134217728,,398458880,True
,cpu,137363456,134217728,False,False,elementwise,True,117440512,0.875,67108864,global_additive,nearest-rank additive residual quantiles,elementwise-d1-4096-float32,,leave_family_out,100-500 MiB,134217728,,184549376,True
,cpu,141933346,134217728,False,False,elementwise,True,353719637,2.63541666418314,44739243,family_ratio,nearest-rank compiler/static ratio quantiles,elementwise-d1-4096-float32,,leave_family_out,100-500 MiB,134217728,,398458880,True
,cpu,138314256,134217728,False,False,elementwise,True,383545799,2.8576388880610466,14913081,size_bucket_ratio,nearest-rank compiler/static ratio quantiles,elementwise-d1-4096-float32,,leave_family_out,100-500 MiB,134217728,,398458880,True
,cpu,33554432,33554432,False,False,elementwise,True,0,0.0,33554432,raw_structural,raw structural estimate,elementwise-d8-2048-float32,,leave_family_out,10-100 MiB,33554432,,33554432,True
,cpu,35483337,33554432,False,False,elementwise,True,88429909,2.635416656732559,11184811,global_ratio,nearest-rank compiler/static ratio quantiles,elementwise-d8-2048-float32,,leave_family_out,10-100 MiB,33554432,,99614720,True
,cpu,36700160,33554432,False,False,elementwise,True,83886080,2.5,0,global_additive,nearest-rank additive residual quantiles,elementwise-d8-2048-float32,,leave_family_out,10-100 MiB,33554432,,83886080,True
,cpu,35483337,33554432,False,False,elementwise,True,88429909,2.635416656732559,11184811,family_ratio,nearest-rank compiler/static ratio quantiles,elementwise-d8-2048-float32,,leave_family_out,10-100 MiB,33554432,,99614720,True
,cpu,35988592,33554432,False,False,elementwise,True,89478485,2.666666656732559,11184811,size_bucket_ratio,nearest-rank compiler/static ratio quantiles,elementwise-d8-2048-float32,,leave_family_out,10-100 MiB,33554432,,100663296,True
,cpu,134217728,134217728,False,False,elementwise,True,0,0.0,134217728,raw_structural,raw structural estimate,elementwise-d8-4096-float32,,leave_family_out,100-500 MiB,134217728,,134217728,True
,cpu,141933346,134217728,False,False,elementwise,True,353719637,2.63541666418314,44739243,global_ratio,nearest-rank compiler/static ratio quantiles,elementwise-d8-4096-float32,,leave_family_out,100-500 MiB,134217728,,398458880,True
,cpu,137363456,134217728,False,False,elementwise,True,117440512,0.875,67108864,global_additive,nearest-rank additive residual quantiles,elementwise-d8-4096-float32,,leave_family_out,100-500 MiB,134217728,,184549376,True
,cpu,141933346,134217728,False,False,elementwise,True,353719637,2.63541666418314,44739243,family_ratio,nearest-rank compiler/static ratio quantiles,elementwise-d8-4096-float32,,leave_family_out,100-500 MiB,134217728,,398458880,True
,cpu,138314256,134217728,False,False,elementwise,True,383545799,2.8576388880610466,14913081,size_bucket_ratio,nearest-rank compiler/static ratio quantiles,elementwise-d8-4096-float32,,leave_family_out,100-500 MiB,134217728,,398458880,True
,cpu,33554432,33554432,False,False,elementwise,True,0,0.0,33554432,raw_structural,raw structural estimate,elementwise-d16-2048-float32,,leave_family_out,10-100 MiB,33554432,,33554432,True
,cpu,35483337,33554432,False,False,elementwise,True,88429909,2.635416656732559,11184811,global_ratio,nearest-rank compiler/static ratio quantiles,elementwise-d16-2048-float32,,leave_family_out,10-100 MiB,33554432,,99614720,True
,cpu,36700160,33554432,False,False,elementwise,True,83886080,2.5,0,global_additive,nearest-rank additive residual quantiles,elementwise-d16-2048-float32,,leave_family_out,10-100 MiB,33554432,,83886080,True
,cpu,35483337,33554432,False,False,elementwise,True,88429909,2.635416656732559,11184811,family_ratio,nearest-rank compiler/static ratio quantiles,elementwise-d16-2048-float32,,leave_family_out,10-100 MiB,33554432,,99614720,True
,cpu,35988592,33554432,False,False,elementwise,True,89478485,2.666666656732559,11184811,size_bucket_ratio,nearest-rank compiler/static ratio quantiles,elementwise-d16-2048-float32,,leave_family_out,10-100 MiB,33554432,,100663296,True
,cpu,134217728,134217728,False,False,elementwise,True,0,0.0,134217728,raw_structural,raw structural estimate,elementwise-d16-4096-float32,,leave_family_out,100-500 MiB,134217728,,134217728,True
,cpu,141933346,134217728,False,False,elementwise,True,353719637,2.63541666418314,44739243,global_ratio,nearest-rank compiler/static ratio quantiles,elementwise-d16-4096-float32,,leave_family_out,100-500 MiB,134217728,,398458880,True
,cpu,137363456,134217728,False,False,elementwise,True,117440512,0.875,67108864,global_additive,nearest-rank additive residual quantiles,elementwise-d16-4096-float32,,leave_family_out,100-500 MiB,134217728,,184549376,True
,cpu,141933346,134217728,False,False,elementwise,True,353719637,2.63541666418314,44739243,family_ratio,nearest-rank compiler/static ratio quantiles,elementwise-d16-4096-float32,,leave_family_out,100-500 MiB,134217728,,398458880,True
,cpu,138314256,134217728,False,False,elementwise,True,383545799,2.8576388880610466,14913081,size_bucket_ratio,nearest-rank compiler/static ratio quantiles,elementwise-d16-4096-float32,,leave_family_out,100-500 MiB,134217728,,398458880,True
,cpu,37748736,37748736,False,False,matmul,True,0,0.0,37748736,raw_structural,raw structural estimate,matmul-1024x4096x1024-float32,,leave_family_out,10-100 MiB,37748736,,37748736,True
,cpu,38621936,37748736,False,False,matmul,True,56617798,1.499859439002143,12582912,global_ratio,nearest-rank compiler/static ratio quantiles,matmul-1024x4096x1024-float32,,leave_family_out,10-100 MiB,37748736,,69200710,True
,cpu,38797312,37748736,False,False,matmul,True,62390272,1.6527777777777777,4194304,global_additive,nearest-rank additive residual quantiles,matmul-1024x4096x1024-float32,,leave_family_out,10-100 MiB,37748736,,66584576,True
,cpu,38621936,37748736,False,False,matmul,True,56617798,1.499859439002143,12582912,family_ratio,nearest-rank compiler/static ratio quantiles,matmul-1024x4096x1024-float32,,leave_family_out,10-100 MiB,37748736,,69200710,True
,cpu,39199738,37748736,False,False,matmul,True,31451974,0.8331927723354764,37748736,size_bucket_ratio,nearest-rank compiler/static ratio quantiles,matmul-1024x4096x1024-float32,,leave_family_out,10-100 MiB,37748736,,69200710,True
,cpu,50331648,50331648,False,False,matmul,True,0,0.0,50331648,raw_structural,raw structural estimate,matmul-2048x2048x2048-float32,,leave_family_out,10-100 MiB,50331648,,50331648,True
,cpu,51495914,50331648,False,False,matmul,True,75490398,1.4998594522476196,16777216,global_ratio,nearest-rank compiler/static ratio quantiles,matmul-2048x2048x2048-float32,,leave_family_out,10-100 MiB,50331648,,92267614,True
,cpu,51380224,50331648,False,False,matmul,True,62390272,1.2395833333333333,16777216,global_additive,nearest-rank additive residual quantiles,matmul-2048x2048x2048-float32,,leave_family_out,10-100 MiB,50331648,,79167488,True
,cpu,51495914,50331648,False,False,matmul,True,75490398,1.4998594522476196,16777216,family_ratio,nearest-rank compiler/static ratio quantiles,matmul-2048x2048x2048-float32,,leave_family_out,10-100 MiB,50331648,,92267614,True
,cpu,52266318,50331648,False,False,matmul,True,41935966,0.833192785580953,50331648,size_bucket_ratio,nearest-rank compiler/static ratio quantiles,matmul-2048x2048x2048-float32,,leave_family_out,10-100 MiB,50331648,,92267614,True
,cpu,100663296,33554432,False,False,residual,False,0,0.0,100663296,raw_structural,raw structural estimate,residual-d4-2048-float32,,leave_family_out,10-100 MiB,100663296,,100663296,True
,cpu,104297409,33554432,False,False,residual,False,198180864,1.96875,100663296,global_ratio,nearest-rank compiler/static ratio quantiles,residual-d4-2048-float32,,leave_family_out,10-100 MiB,100663296,,298844160,True
,cpu,101957632,33554432,False,False,residual,False,37748736,0.375,100663296,global_additive,nearest-rank additive residual quantiles,residual-d4-2048-float32,,leave_family_out,10-100 MiB,100663296,,138412032,True
,cpu,104297409,33554432,False,False,residual,False,198180864,1.96875,100663296,family_ratio,nearest-rank compiler/static ratio quantiles,residual-d4-2048-float32,,leave_family_out,10-100 MiB,100663296,,298844160,True
,cpu,105189095,33554432,False,False,residual,False,198180864,1.96875,100663296,size_bucket_ratio,nearest-rank compiler/static ratio quantiles,residual-d4-2048-float32,,leave_family_out,10-100 MiB,100663296,,298844160,True
,cpu,301989888,33554432,False,False,residual,False,0,0.0,301989888,raw_structural,raw structural estimate,residual-d16-2048-float32,,leave_family_out,100-500 MiB,301989888,,301989888,True
,cpu,312892227,33554432,False,False,residual,False,594542592,1.96875,301989888,global_ratio,nearest-rank compiler/static ratio quantiles,residual-d16-2048-float32,,leave_family_out,100-500 MiB,301989888,,896532480,True
,cpu,303284224,33554432,False,False,residual,False,37748736,0.125,301989888,global_additive,nearest-rank additive residual quantiles,residual-d16-2048-float32,,leave_family_out,100-500 MiB,301989888,,339738624,True
,cpu,312892227,33554432,False,False,residual,False,594542592,1.96875,301989888,family_ratio,nearest-rank compiler/static ratio quantiles,residual-d16-2048-float32,,leave_family_out,100-500 MiB,301989888,,896532480,True
,cpu,311207075,33554432,False,False,residual,False,594542592,1.96875,301989888,size_bucket_ratio,nearest-rank compiler/static ratio quantiles,residual-d16-2048-float32,,leave_family_out,100-500 MiB,301989888,,896532480,True
,cpu,29360128,32505856,False,False,mlp,False,0,0.0,29360128,raw_structural,raw structural estimate,mlp-b256-w2048-d2-float32,,leave_family_out,10-100 MiB,29360128,,29360128,False
,cpu,29360128,32505856,False,False,mlp,True,35102743,1.1955923012324743,9786709,global_ratio,nearest-rank compiler/static ratio quantiles,mlp-b256-w2048-d2-float32,,leave_family_out,10-100 MiB,29360128,,44889452,True
,cpu,29360128,32505856,False,False,mlp,True,54394880,1.8526785714285714,0,global_additive,nearest-rank additive residual quantiles,mlp-b256-w2048-d2-float32,,leave_family_out,10-100 MiB,29360128,,54394880,True
,cpu,29360128,32505856,False,False,mlp,True,35102743,1.1955923012324743,9786709,family_ratio,nearest-rank compiler/static ratio quantiles,mlp-b256-w2048-d2-float32,,leave_family_out,10-100 MiB,29360128,,44889452,True
,cpu,29360128,32505856,False,False,mlp,True,24462647,0.8331927912575858,29360128,size_bucket_ratio,nearest-rank compiler/static ratio quantiles,mlp-b256-w2048-d2-float32,,leave_family_out,10-100 MiB,29360128,,53822775,True
,cpu,67108864,73400320,False,False,mlp,False,0,0.0,67108864,raw_structural,raw structural estimate,mlp-b512-w2048-d4-float32,,leave_family_out,10-100 MiB,67108864,,67108864,False
,cpu,67108864,73400320,False,False,mlp,True,80234840,1.1955922842025757,22369621,global_ratio,nearest-rank compiler/static ratio quantiles,mlp-b512-w2048-d4-float32,,leave_family_out,10-100 MiB,67108864,,102604461,True
,cpu,67108864,73400320,False,False,mlp,True,58589184,0.873046875,33554432,global_additive,nearest-rank additive residual quantiles,mlp-b512-w2048-d4-float32,,leave_family_out,10-100 MiB,67108864,,92143616,True
,cpu,67108864,73400320,False,False,mlp,True,80234840,1.1955922842025757,22369621,family_ratio,nearest-rank compiler/static ratio quantiles,mlp-b512-w2048-d4-float32,,leave_family_out,10-100 MiB,67108864,,102604461,True
,cpu,67108864,73400320,False,False,mlp,True,55914621,0.8331927806138992,67108864,size_bucket_ratio,nearest-rank compiler/static ratio quantiles,mlp-b512-w2048-d4-float32,,leave_family_out,10-100 MiB,67108864,,123023485,True
,cpu,268435456,293601280,False,False,mlp,False,0,0.0,268435456,raw_structural,raw structural estimate,mlp-b1024-w4096-d4-float32,,leave_family_out,100-500 MiB,268435456,,268435456,False
,cpu,268435456,293601280,False,False,mlp,True,320939361,1.195592287927866,89478485,global_ratio,nearest-rank compiler/static ratio quantiles,mlp-b1024-w4096-d4-float32,,leave_family_out,100-500 MiB,268435456,,410417846,True
,cpu,268435456,293601280,False,False,mlp,False,58589184,0.21826171875,234881024,global_additive,nearest-rank additive residual quantiles,mlp-b1024-w4096-d4-float32,,leave_family_out,100-500 MiB,268435456,,293470208,False
,cpu,268435456,293601280,False,False,mlp,True,320939361,1.195592287927866,89478485,family_ratio,nearest-rank compiler/static ratio quantiles,mlp-b1024-w4096-d4-float32,,leave_family_out,100-500 MiB,268435456,,410417846,True
,cpu,268435456,293601280,False,False,mlp,False,252355264,0.9400966167449951,29826162,size_bucket_ratio,nearest-rank compiler/static ratio quantiles,mlp-b1024-w4096-d4-float32,,leave_family_out,100-500 MiB,268435456,,282181426,False
,cpu,17842176,19136512,False,False,attention,False,0,0.0,17842176,raw_structural,raw structural estimate,attention-b1-h8-s512-d64-float32,,leave_family_out,10-100 MiB,17842176,,17842176,False
,cpu,17842176,19136512,False,False,attention,True,47021568,2.6354166666666665,5947392,global_ratio,nearest-rank compiler/static ratio quantiles,attention-b1-h8-s512-d64-float32,,leave_family_out,10-100 MiB,17842176,,52968960,True
,cpu,17842176,19136512,False,False,attention,True,55590912,3.115702479338843,0,global_additive,nearest-rank additive residual quantiles,attention-b1-h8-s512-d64-float32,,leave_family_out,10-100 MiB,17842176,,55590912,True
,cpu,17842176,19136512,False,False,attention,True,47021568,2.6354166666666665,5947392,family_ratio,nearest-rank compiler/static ratio quantiles,attention-b1-h8-s512-d64-float32,,leave_family_out,10-100 MiB,17842176,,52968960,True
,cpu,17842176,19136512,False,False,attention,True,35126784,1.96875,17842176,size_bucket_ratio,nearest-rank compiler/static ratio quantiles,attention-b1-h8-s512-d64-float32,,leave_family_out,10-100 MiB,17842176,,52968960,True
,cpu,69238784,72351744,False,False,attention,False,0,0.0,69238784,raw_structural,raw structural estimate,attention-b1-h8-s1024-d64-float32,,leave_family_out,10-100 MiB,69238784,,69238784,False
,cpu,69238784,72351744,False,False,attention,True,182473045,2.635416661852409,23079595,global_ratio,nearest-rank compiler/static ratio quantiles,attention-b1-h8-s1024-d64-float32,,leave_family_out,10-100 MiB,69238784,,205552640,True
,cpu,69238784,72351744,False,False,attention,True,104857600,1.5144344533838145,2129920,global_additive,nearest-rank additive residual quantiles,attention-b1-h8-s1024-d64-float32,,leave_family_out,10-100 MiB,69238784,,106987520,True
,cpu,69238784,72351744,False,False,attention,True,182473045,2.635416661852409,23079595,family_ratio,nearest-rank compiler/static ratio quantiles,attention-b1-h8-s1024-d64-float32,,leave_family_out,10-100 MiB,69238784,,205552640,True
,cpu,69238784,72351744,False,False,attention,True,136313856,1.96875,69238784,size_bucket_ratio,nearest-rank compiler/static ratio quantiles,attention-b1-h8-s1024-d64-float32,,leave_family_out,10-100 MiB,69238784,,205552640,True
,cpu,272695296,281018368,False,False,attention,False,0,0.0,272695296,raw_structural,raw structural estimate,attention-b1-h8-s2048-d64-float32,,leave_family_out,100-500 MiB,272695296,,272695296,False
,cpu,272695296,281018368,False,False,attention,True,718665728,2.6354166666666665,90898432,global_ratio,nearest-rank compiler/static ratio quantiles,attention-b1-h8-s2048-d64-float32,,leave_family_out,100-500 MiB,272695296,,809564160,True
,cpu,272695296,281018368,False,False,attention,True,104857600,0.38452295121365054,205586432,global_additive,nearest-rank additive residual quantiles,attention-b1-h8-s2048-d64-float32,,leave_family_out,100-500 MiB,272695296,,310444032,True
,cpu,272695296,281018368,False,False,attention,True,718665728,2.6354166666666665,90898432,family_ratio,nearest-rank compiler/static ratio quantiles,attention-b1-h8-s2048-d64-float32,,leave_family_out,100-500 MiB,272695296,,809564160,True
,cpu,272695296,281018368,False,False,attention,True,779264683,2.8576388901112546,30299477,size_bucket_ratio,nearest-rank compiler/static ratio quantiles,attention-b1-h8-s2048-d64-float32,,leave_family_out,100-500 MiB,272695296,,809564160,True
,cpu,1082261504,1107296256,False,False,attention,False,0,0.0,1082261504,raw_structural,raw structural estimate,attention-b1-h8-s4096-d64-float32,,leave_family_out,>1 GiB,1082261504,,1082261504,False
,cpu,1082261504,1107296256,False,False,attention,True,2852210005,2.63541666635867,360753835,global_ratio,nearest-rank compiler/static ratio quantiles,attention-b1-h8-s4096-d64-float32,,leave_family_out,>1 GiB,1082261504,,3212963840,True
,cpu,1082261504,1107296256,False,False,attention,True,104857600,0.09688748940293085,1015152640,global_additive,nearest-rank additive residual quantiles,attention-b1-h8-s4096-d64-float32,,leave_family_out,>1 GiB,1082261504,,1120010240,True
,cpu,1082261504,1107296256,False,False,attention,True,2852210005,2.63541666635867,360753835,family_ratio,nearest-rank compiler/static ratio quantiles,attention-b1-h8-s4096-d64-float32,,leave_family_out,>1 GiB,1082261504,,3212963840,True
,cpu,1082261504,1107296256,False,False,attention,True,2852210005,2.63541666635867,360753835,size_bucket_ratio,nearest-rank compiler/static ratio quantiles,attention-b1-h8-s4096-d64-float32,,leave_family_out,>1 GiB,1082261504,,3212963840,True
,cpu,27279360,28327936,False,False,transformer,False,0,0.0,27279360,raw_structural,raw structural estimate,transformer-s512-w512-float32,,leave_family_out,10-100 MiB,27279360,,27279360,False
,cpu,27279360,28327936,False,False,transformer,True,71892480,2.6354166666666665,9093120,global_ratio,nearest-rank compiler/static ratio quantiles,transformer-s512-w512-float32,,leave_family_out,10-100 MiB,27279360,,80985600,True
,cpu,27279360,28327936,False,False,transformer,True,65028096,2.383783783783784,0,global_additive,nearest-rank additive residual quantiles,transformer-s512-w512-float32,,leave_family_out,10-100 MiB,27279360,,65028096,True
,cpu,27279360,28327936,False,False,transformer,True,71892480,2.6354166666666665,9093120,family_ratio,nearest-rank compiler/static ratio quantiles,transformer-s512-w512-float32,,leave_family_out,10-100 MiB,27279360,,80985600,True
,cpu,27279360,28327936,False,False,transformer,True,53706240,1.96875,27279360,size_bucket_ratio,nearest-rank compiler/static ratio quantiles,transformer-s512-w512-float32,,leave_family_out,10-100 MiB,27279360,,80985600,True
,cpu,18882564,19968044,False,False,training,False,0,0.0,18882564,raw_structural,raw structural estimate,training-b512-w1024-float32,,leave_family_out,10-100 MiB,18882564,,18882564,False
,cpu,18882564,19968044,False,False,training,True,49763424,2.6354166732865303,6294188,global_ratio,nearest-rank compiler/static ratio quantiles,training-b512-w1024-float32,,leave_family_out,10-100 MiB,18882564,,56057612,True
,cpu,18882564,19968044,False,False,training,True,56631300,2.999131897553743,0,global_additive,nearest-rank additive residual quantiles,training-b512-w1024-float32,,leave_family_out,10-100 MiB,18882564,,56631300,True
,cpu,18882564,19968044,False,False,training,True,49763424,2.6354166732865303,6294188,family_ratio,nearest-rank compiler/static ratio quantiles,training-b512-w1024-float32,,leave_family_out,10-100 MiB,18882564,,56057612,True
,cpu,18882564,19968044,False,False,training,True,37175048,1.9687500066198638,18882564,size_bucket_ratio,nearest-rank compiler/static ratio quantiles,training-b512-w1024-float32,,leave_family_out,10-100 MiB,18882564,,56057612,True
,cpu,16777216,16777216,False,False,elementwise,True,0,0.0,16777216,raw_structural,raw structural estimate,elementwise-d1-2048-float16,,leave_family_out,10-100 MiB,16777216,,16777216,True
,cpu,17741668,16777216,False,False,elementwise,True,44214955,2.6354166865348816,5592405,global_ratio,nearest-rank compiler/static ratio quantiles,elementwise-d1-2048-float16,,leave_family_out,10-100 MiB,16777216,,49807360,True
,cpu,19922944,16777216,False,False,elementwise,True,67108864,4.0,0,global_additive,nearest-rank additive residual quantiles,elementwise-d1-2048-float16,,leave_family_out,10-100 MiB,16777216,,67108864,True
,cpu,17741668,16777216,False,False,elementwise,True,44214955,2.6354166865348816,5592405,family_ratio,nearest-rank compiler/static ratio quantiles,elementwise-d1-2048-float16,,leave_family_out,10-100 MiB,16777216,,49807360,True
,cpu,17994296,16777216,False,False,elementwise,True,44739243,2.6666666865348816,5592405,size_bucket_ratio,nearest-rank compiler/static ratio quantiles,elementwise-d1-2048-float16,,leave_family_out,10-100 MiB,16777216,,50331648,True
,cpu,67108864,67108864,False,False,elementwise,True,0,0.0,67108864,raw_structural,raw structural estimate,elementwise-d1-4096-float16,,leave_family_out,10-100 MiB,67108864,,67108864,True
,cpu,70966673,67108864,False,False,elementwise,True,176859819,2.6354166716337204,22369621,global_ratio,nearest-rank compiler/static ratio quantiles,elementwise-d1-4096-float16,,leave_family_out,10-100 MiB,67108864,,199229440,True
,cpu,70254592,67108864,False,False,elementwise,True,117440512,1.75,0,global_additive,nearest-rank additive residual quantiles,elementwise-d1-4096-float16,,leave_family_out,10-100 MiB,67108864,,117440512,True
,cpu,70966673,67108864,False,False,elementwise,True,176859819,2.6354166716337204,22369621,family_ratio,nearest-rank compiler/static ratio quantiles,elementwise-d1-4096-float16,,leave_family_out,10-100 MiB,67108864,,199229440,True
,cpu,71977184,67108864,False,False,elementwise,True,178956971,2.6666666716337204,22369621,size_bucket_ratio,nearest-rank compiler/static ratio quantiles,elementwise-d1-4096-float16,,leave_family_out,10-100 MiB,67108864,,201326592,True
,cpu,16777216,16777216,False,False,elementwise,True,0,0.0,16777216,raw_structural,raw structural estimate,elementwise-d8-2048-float16,,leave_family_out,10-100 MiB,16777216,,16777216,True
,cpu,17741668,16777216,False,False,elementwise,True,44214955,2.6354166865348816,5592405,global_ratio,nearest-rank compiler/static ratio quantiles,elementwise-d8-2048-float16,,leave_family_out,10-100 MiB,16777216,,49807360,True
,cpu,19922944,16777216,False,False,elementwise,True,67108864,4.0,0,global_additive,nearest-rank additive residual quantiles,elementwise-d8-2048-float16,,leave_family_out,10-100 MiB,16777216,,67108864,True
,cpu,17741668,16777216,False,False,elementwise,True,44214955,2.6354166865348816,5592405,family_ratio,nearest-rank compiler/static ratio quantiles,elementwise-d8-2048-float16,,leave_family_out,10-100 MiB,16777216,,49807360,True
,cpu,17994296,16777216,False,False,elementwise,True,44739243,2.6666666865348816,5592405,size_bucket_ratio,nearest-rank compiler/static ratio quantiles,elementwise-d8-2048-float16,,leave_family_out,10-100 MiB,16777216,,50331648,True
,cpu,67108864,67108864,False,False,elementwise,True,0,0.0,67108864,raw_structural,raw structural estimate,elementwise-d8-4096-float16,,leave_family_out,10-100 MiB,67108864,,67108864,True
,cpu,70966673,67108864,False,False,elementwise,True,176859819,2.6354166716337204,22369621,global_ratio,nearest-rank compiler/static ratio quantiles,elementwise-d8-4096-float16,,leave_family_out,10-100 MiB,67108864,,199229440,True
,cpu,70254592,67108864,False,False,elementwise,True,117440512,1.75,0,global_additive,nearest-rank additive residual quantiles,elementwise-d8-4096-float16,,leave_family_out,10-100 MiB,67108864,,117440512,True
,cpu,70966673,67108864,False,False,elementwise,True,176859819,2.6354166716337204,22369621,family_ratio,nearest-rank compiler/static ratio quantiles,elementwise-d8-4096-float16,,leave_family_out,10-100 MiB,67108864,,199229440,True
,cpu,71977184,67108864,False,False,elementwise,True,178956971,2.6666666716337204,22369621,size_bucket_ratio,nearest-rank compiler/static ratio quantiles,elementwise-d8-4096-float16,,leave_family_out,10-100 MiB,67108864,,201326592,True
,cpu,16777216,16777216,False,False,elementwise,True,0,0.0,16777216,raw_structural,raw structural estimate,elementwise-d16-2048-float16,,leave_family_out,10-100 MiB,16777216,,16777216,True
,cpu,17741668,16777216,False,False,elementwise,True,44214955,2.6354166865348816,5592405,global_ratio,nearest-rank compiler/static ratio quantiles,elementwise-d16-2048-float16,,leave_family_out,10-100 MiB,16777216,,49807360,True
,cpu,19922944,16777216,False,False,elementwise,True,67108864,4.0,0,global_additive,nearest-rank additive residual quantiles,elementwise-d16-2048-float16,,leave_family_out,10-100 MiB,16777216,,67108864,True
,cpu,17741668,16777216,False,False,elementwise,True,44214955,2.6354166865348816,5592405,family_ratio,nearest-rank compiler/static ratio quantiles,elementwise-d16-2048-float16,,leave_family_out,10-100 MiB,16777216,,49807360,True
,cpu,17994296,16777216,False,False,elementwise,True,44739243,2.6666666865348816,5592405,size_bucket_ratio,nearest-rank compiler/static ratio quantiles,elementwise-d16-2048-float16,,leave_family_out,10-100 MiB,16777216,,50331648,True
,cpu,67108864,67108864,False,False,elementwise,True,0,0.0,67108864,raw_structural,raw structural estimate,elementwise-d16-4096-float16,,leave_family_out,10-100 MiB,67108864,,67108864,True
,cpu,70966673,67108864,False,False,elementwise,True,176859819,2.6354166716337204,22369621,global_ratio,nearest-rank compiler/static ratio quantiles,elementwise-d16-4096-float16,,leave_family_out,10-100 MiB,67108864,,199229440,True
,cpu,70254592,67108864,False,False,elementwise,True,117440512,1.75,0,global_additive,nearest-rank additive residual quantiles,elementwise-d16-4096-float16,,leave_family_out,10-100 MiB,67108864,,117440512,True
,cpu,70966673,67108864,False,False,elementwise,True,176859819,2.6354166716337204,22369621,family_ratio,nearest-rank compiler/static ratio quantiles,elementwise-d16-4096-float16,,leave_family_out,10-100 MiB,67108864,,199229440,True
,cpu,71977184,67108864,False,False,elementwise,True,178956971,2.6666666716337204,22369621,size_bucket_ratio,nearest-rank compiler/static ratio quantiles,elementwise-d16-4096-float16,,leave_family_out,10-100 MiB,67108864,,201326592,True
,cpu,18874368,56623104,False,False,matmul,False,0,0.0,18874368,raw_structural,raw structural estimate,matmul-1024x4096x1024-float16,,leave_family_out,10-100 MiB,18874368,,18874368,False
,cpu,19310968,56623104,False,False,matmul,False,28308899,1.499859439002143,6291456,global_ratio,nearest-rank compiler/static ratio quantiles,matmul-1024x4096x1024-float16,,leave_family_out,10-100 MiB,18874368,,34600355,False
,cpu,19922944,56623104,False,False,matmul,False,47710208,2.5277777777777777,0,global_additive,nearest-rank additive residual quantiles,matmul-1024x4096x1024-float16,,leave_family_out,10-100 MiB,18874368,,47710208,False
,cpu,19310968,56623104,False,False,matmul,False,28308899,1.499859439002143,6291456,family_ratio,nearest-rank compiler/static ratio quantiles,matmul-1024x4096x1024-float16,,leave_family_out,10-100 MiB,18874368,,34600355,False
,cpu,19599869,56623104,False,False,matmul,False,15725987,0.8331927723354764,18874368,size_bucket_ratio,nearest-rank compiler/static ratio quantiles,matmul-1024x4096x1024-float16,,leave_family_out,10-100 MiB,18874368,,34600355,False
,cpu,25165824,75497472,False,False,matmul,False,0,0.0,25165824,raw_structural,raw structural estimate,matmul-2048x2048x2048-float16,,leave_family_out,10-100 MiB,25165824,,25165824,False
,cpu,25747957,75497472,False,False,matmul,False,37745199,1.4998594522476196,8388608,global_ratio,nearest-rank compiler/static ratio quantiles,matmul-2048x2048x2048-float16,,leave_family_out,10-100 MiB,25165824,,46133807,False
,cpu,26214400,75497472,False,False,matmul,False,54001664,2.1458333333333335,0,global_additive,nearest-rank additive residual quantiles,matmul-2048x2048x2048-float16,,leave_family_out,10-100 MiB,25165824,,54001664,False
,cpu,25747957,75497472,False,False,matmul,False,37745199,1.4998594522476196,8388608,family_ratio,nearest-rank compiler/static ratio quantiles,matmul-2048x2048x2048-float16,,leave_family_out,10-100 MiB,25165824,,46133807,False
,cpu,26133159,75497472,False,False,matmul,False,20967983,0.833192785580953,25165824,size_bucket_ratio,nearest-rank compiler/static ratio quantiles,matmul-2048x2048x2048-float16,,leave_family_out,10-100 MiB,25165824,,46133807,False
,cpu,50331648,16777216,False,False,residual,False,0,0.0,50331648,raw_structural,raw structural estimate,residual-d4-2048-float16,,leave_family_out,10-100 MiB,50331648,,50331648,True
,cpu,52148704,16777216,False,False,residual,False,99090432,1.96875,50331648,global_ratio,nearest-rank compiler/static ratio quantiles,residual-d4-2048-float16,,leave_family_out,10-100 MiB,50331648,,149422080,True
,cpu,51625984,16777216,False,False,residual,False,37748736,0.75,50331648,global_additive,nearest-rank additive residual quantiles,residual-d4-2048-float16,,leave_family_out,10-100 MiB,50331648,,88080384,True
,cpu,52148704,16777216,False,False,residual,False,99090432,1.96875,50331648,family_ratio,nearest-rank compiler/static ratio quantiles,residual-d4-2048-float16,,leave_family_out,10-100 MiB,50331648,,149422080,True
,cpu,52594547,16777216,False,False,residual,False,99090432,1.96875,50331648,size_bucket_ratio,nearest-rank compiler/static ratio quantiles,residual-d4-2048-float16,,leave_family_out,10-100 MiB,50331648,,149422080,True
,cpu,150994944,16777216,False,False,residual,False,0,0.0,150994944,raw_structural,raw structural estimate,residual-d16-2048-float16,,leave_family_out,100-500 MiB,150994944,,150994944,True
,cpu,156446113,16777216,False,False,residual,False,297271296,1.96875,150994944,global_ratio,nearest-rank compiler/static ratio quantiles,residual-d16-2048-float16,,leave_family_out,100-500 MiB,150994944,,448266240,True
,cpu,152289280,16777216,False,False,residual,False,37748736,0.25,150994944,global_additive,nearest-rank additive residual quantiles,residual-d16-2048-float16,,leave_family_out,100-500 MiB,150994944,,188743680,True
,cpu,156446113,16777216,False,False,residual,False,297271296,1.96875,150994944,family_ratio,nearest-rank compiler/static ratio quantiles,residual-d16-2048-float16,,leave_family_out,100-500 MiB,150994944,,448266240,True
,cpu,155603538,16777216,False,False,residual,False,297271296,1.96875,150994944,size_bucket_ratio,nearest-rank compiler/static ratio quantiles,residual-d16-2048-float16,,leave_family_out,100-500 MiB,150994944,,448266240,True
,cpu,14680064,43515904,False,False,mlp,False,0,0.0,14680064,raw_structural,raw structural estimate,mlp-b256-w2048-d2-float16,,leave_family_out,10-100 MiB,14680064,,14680064,False
,cpu,14680064,43515904,False,False,mlp,False,17551371,1.195592267172677,4893355,global_ratio,nearest-rank compiler/static ratio quantiles,mlp-b256-w2048-d2-float16,,leave_family_out,10-100 MiB,14680064,,22444726,False
,cpu,14680064,43515904,False,False,mlp,False,39714816,2.705357142857143,0,global_additive,nearest-rank additive residual quantiles,mlp-b256-w2048-d2-float16,,leave_family_out,10-100 MiB,14680064,,39714816,False
,cpu,14680064,43515904,False,False,mlp,False,17551371,1.195592267172677,4893355,family_ratio,nearest-rank compiler/static ratio quantiles,mlp-b256-w2048-d2-float16,,leave_family_out,10-100 MiB,14680064,,22444726,False
,cpu,14680064,43515904,False,False,mlp,False,12231323,0.8331927571977887,14680064,size_bucket_ratio,nearest-rank compiler/static ratio quantiles,mlp-b256-w2048-d2-float16,,leave_family_out,10-100 MiB,14680064,,26911387,False
,cpu,33554432,99614720,False,False,mlp,False,0,0.0,33554432,raw_structural,raw structural estimate,mlp-b512-w2048-d4-float16,,leave_family_out,10-100 MiB,33554432,,33554432,False
,cpu,33554432,99614720,False,False,mlp,False,40117420,1.1955922842025757,11184811,global_ratio,nearest-rank compiler/static ratio quantiles,mlp-b512-w2048-d4-float16,,leave_family_out,10-100 MiB,33554432,,51302231,False
,cpu,33554432,99614720,False,False,mlp,False,58589184,1.74609375,0,global_additive,nearest-rank additive residual quantiles,mlp-b512-w2048-d4-float16,,leave_family_out,10-100 MiB,33554432,,58589184,False
,cpu,33554432,99614720,False,False,mlp,False,40117420,1.1955922842025757,11184811,family_ratio,nearest-rank compiler/static ratio quantiles,mlp-b512-w2048-d4-float16,,leave_family_out,10-100 MiB,33554432,,51302231,False
,cpu,33554432,99614720,False,False,mlp,False,27957310,0.833192765712738,33554432,size_bucket_ratio,nearest-rank compiler/static ratio quantiles,mlp-b512-w2048-d4-float16,,leave_family_out,10-100 MiB,33554432,,61511742,False
,cpu,134217728,398458880,False,False,mlp,False,0,0.0,134217728,raw_structural,raw structural estimate,mlp-b1024-w4096-d4-float16,,leave_family_out,100-500 MiB,134217728,,134217728,False
,cpu,134217728,398458880,False,False,mlp,False,160469680,1.1955922842025757,44739243,global_ratio,nearest-rank compiler/static ratio quantiles,mlp-b1024-w4096-d4-float16,,leave_family_out,100-500 MiB,134217728,,205208923,False
,cpu,134217728,398458880,False,False,mlp,False,58589184,0.4365234375,100663296,global_additive,nearest-rank additive residual quantiles,mlp-b1024-w4096-d4-float16,,leave_family_out,100-500 MiB,134217728,,159252480,False
,cpu,134217728,398458880,False,False,mlp,False,160469680,1.1955922842025757,44739243,family_ratio,nearest-rank compiler/static ratio quantiles,mlp-b1024-w4096-d4-float16,,leave_family_out,100-500 MiB,134217728,,205208923,False
,cpu,134217728,398458880,False,False,mlp,False,126177632,0.9400966167449951,14913081,size_bucket_ratio,nearest-rank compiler/static ratio quantiles,mlp-b1024-w4096-d4-float16,,leave_family_out,100-500 MiB,134217728,,141090713,False
,cpu,13123584,14696448,False,False,attention,False,0,0.0,13123584,raw_structural,raw structural estimate,attention-b1-h8-s512-d64-float16,,leave_family_out,10-100 MiB,13123584,,13123584,False
,cpu,13123584,14696448,False,False,attention,True,34586112,2.6354166666666665,4374528,global_ratio,nearest-rank compiler/static ratio quantiles,attention-b1-h8-s512-d64-float16,,leave_family_out,10-100 MiB,13123584,,38960640,True
,cpu,13123584,14696448,False,False,attention,True,50872320,3.8764044943820224,0,global_additive,nearest-rank additive residual quantiles,attention-b1-h8-s512-d64-float16,,leave_family_out,10-100 MiB,13123584,,50872320,True
,cpu,13123584,14696448,False,False,attention,True,34586112,2.6354166666666665,4374528,family_ratio,nearest-rank compiler/static ratio quantiles,attention-b1-h8-s512-d64-float16,,leave_family_out,10-100 MiB,13123584,,38960640,True
,cpu,13123584,14696448,False,False,attention,True,25837056,1.96875,13123584,size_bucket_ratio,nearest-rank compiler/static ratio quantiles,attention-b1-h8-s512-d64-float16,,leave_family_out,10-100 MiB,13123584,,38960640,True
,cpu,51412992,54558720,False,False,attention,False,0,0.0,51412992,raw_structural,raw structural estimate,attention-b1-h8-s1024-d64-float16,,leave_family_out,10-100 MiB,51412992,,51412992,False
,cpu,51412992,54558720,False,False,attention,True,135494656,2.6354166666666665,17137664,global_ratio,nearest-rank compiler/static ratio quantiles,attention-b1-h8-s1024-d64-float16,,leave_family_out,10-100 MiB,51412992,,152632320,True
,cpu,51412992,54558720,False,False,attention,True,89161728,1.7342256214149139,0,global_additive,nearest-rank additive residual quantiles,attention-b1-h8-s1024-d64-float16,,leave_family_out,10-100 MiB,51412992,,89161728,True
,cpu,51412992,54558720,False,False,attention,True,135494656,2.6354166666666665,17137664,family_ratio,nearest-rank compiler/static ratio quantiles,attention-b1-h8-s1024-d64-float16,,leave_family_out,10-100 MiB,51412992,,152632320,True
,cpu,51412992,54558720,False,False,attention,True,101219328,1.96875,51412992,size_bucket_ratio,nearest-rank compiler/static ratio quantiles,attention-b1-h8-s1024-d64-float16,,leave_family_out,10-100 MiB,51412992,,152632320,True
,cpu,203489280,213909504,False,False,attention,False,0,0.0,203489280,raw_structural,raw structural estimate,attention-b1-h8-s2048-d64-float16,,leave_family_out,100-500 MiB,203489280,,203489280,False
,cpu,203489280,213909504,False,False,attention,True,536279040,2.6354166666666665,67829760,global_ratio,nearest-rank compiler/static ratio quantiles,attention-b1-h8-s2048-d64-float16,,leave_family_out,100-500 MiB,203489280,,604108800,True
,cpu,203489280,213909504,False,False,attention,True,104857600,0.5152979066022544,136380416,global_additive,nearest-rank additive residual quantiles,attention-b1-h8-s2048-d64-float16,,leave_family_out,100-500 MiB,203489280,,241238016,True
,cpu,203489280,213909504,False,False,attention,True,536279040,2.6354166666666665,67829760,family_ratio,nearest-rank compiler/static ratio quantiles,attention-b1-h8-s2048-d64-float16,,leave_family_out,100-500 MiB,203489280,,604108800,True
,cpu,203489280,213909504,False,False,attention,True,581498880,2.857638888888889,22609920,size_bucket_ratio,nearest-rank compiler/static ratio quantiles,attention-b1-h8-s2048-d64-float16,,leave_family_out,100-500 MiB,203489280,,604108800,True
,cpu,809631744,838860800,False,False,attention,False,0,0.0,809631744,raw_structural,raw structural estimate,attention-b1-h8-s4096-d64-float16,,leave_family_out,500 MiB-1 GiB,809631744,,809631744,False
,cpu,809631744,838860800,False,False,attention,True,2133716992,2.6354166666666665,269877248,global_ratio,nearest-rank compiler/static ratio quantiles,attention-b1-h8-s4096-d64-float16,,leave_family_out,500 MiB-1 GiB,809631744,,2403594240,True
,cpu,809631744,838860800,False,False,attention,True,104857600,0.12951270843451515,742522880,global_additive,nearest-rank additive residual quantiles,attention-b1-h8-s4096-d64-float16,,leave_family_out,500 MiB-1 GiB,809631744,,847380480,True
,cpu,809631744,838860800,False,False,attention,True,2133716992,2.6354166666666665,269877248,family_ratio,nearest-rank compiler/static ratio quantiles,attention-b1-h8-s4096-d64-float16,,leave_family_out,500 MiB-1 GiB,809631744,,2403594240,True
,cpu,809631744,838860800,False,False,attention,True,2133716992,2.6354166666666665,269877248,size_bucket_ratio,nearest-rank compiler/static ratio quantiles,attention-b1-h8-s4096-d64-float16,,leave_family_out,500 MiB-1 GiB,809631744,,2403594240,True
,cpu,17842176,27279360,False,False,transformer,False,0,0.0,17842176,raw_structural,raw structural estimate,transformer-s512-w512-float16,,leave_family_out,10-100 MiB,17842176,,17842176,False
,cpu,17842176,27279360,False,False,transformer,True,47021568,2.6354166666666665,5947392,global_ratio,nearest-rank compiler/static ratio quantiles,transformer-s512-w512-float16,,leave_family_out,10-100 MiB,17842176,,52968960,True
,cpu,17842176,27279360,False,False,transformer,True,55590912,3.115702479338843,0,global_additive,nearest-rank additive residual quantiles,transformer-s512-w512-float16,,leave_family_out,10-100 MiB,17842176,,55590912,True
,cpu,17842176,27279360,False,False,transformer,True,47021568,2.6354166666666665,5947392,family_ratio,nearest-rank compiler/static ratio quantiles,transformer-s512-w512-float16,,leave_family_out,10-100 MiB,17842176,,52968960,True
,cpu,17842176,27279360,False,False,transformer,True,35126784,1.96875,17842176,size_bucket_ratio,nearest-rank compiler/static ratio quantiles,transformer-s512-w512-float16,,leave_family_out,10-100 MiB,17842176,,52968960,True
,cpu,9441282,17307690,False,False,training,False,0,0.0,9441282,raw_structural,raw structural estimate,training-b512-w1024-float16,,leave_family_out,10-100 MiB,9441282,,9441282,False
,cpu,9441282,17307690,False,False,training,True,24881712,2.6354166732865303,3147094,global_ratio,nearest-rank compiler/static ratio quantiles,training-b512-w1024-float16,,leave_family_out,10-100 MiB,9441282,,28028806,True
,cpu,9441282,17307690,False,False,training,True,47190018,4.998263795107486,0,global_additive,nearest-rank additive residual quantiles,training-b512-w1024-float16,,leave_family_out,10-100 MiB,9441282,,47190018,True
,cpu,9441282,17307690,False,False,training,True,24881712,2.6354166732865303,3147094,family_ratio,nearest-rank compiler/static ratio quantiles,training-b512-w1024-float16,,leave_family_out,10-100 MiB,9441282,,28028806,True
,cpu,9441282,17307690,False,False,training,True,18587524,1.9687500066198638,9441282,size_bucket_ratio,nearest-rank compiler/static ratio quantiles,training-b512-w1024-float16,,leave_family_out,10-100 MiB,9441282,,28028806,True
True,gpu,33554432,33554432,False,False,elementwise,True,0,0.0,33554432,raw_structural,raw structural estimate,elementwise-d1-2048-float32,True,leave_one_out,10-100 MiB,33554432,3220832256,33554432,True
True,gpu,33554432,33554432,False,False,elementwise,True,25515477,0.7604204714298248,11184811,global_ratio,nearest-rank compiler/static ratio quantiles,elementwise-d1-2048-float32,True,leave_one_out,10-100 MiB,33554432,3220832256,36700288,True
True,gpu,33554432,33554432,False,False,elementwise,True,40895232,1.2187728881835938,0,global_additive,nearest-rank additive residual quantiles,elementwise-d1-2048-float32,True,leave_one_out,10-100 MiB,33554432,3220832256,40895232,True
True,gpu,33554432,33554432,False,False,elementwise,True,0,0.0,33554432,family_ratio,nearest-rank compiler/static ratio quantiles,elementwise-d1-2048-float32,True,leave_one_out,10-100 MiB,33554432,3220832256,33554432,True
True,gpu,33554432,33554432,False,False,elementwise,True,14004399,0.41736361384391785,23278531,size_bucket_ratio,nearest-rank compiler/static ratio quantiles,elementwise-d1-2048-float32,True,leave_one_out,10-100 MiB,33554432,3220832256,37282930,True
True,gpu,134217728,134217728,False,False,elementwise,True,0,0.0,134217728,raw_structural,raw structural estimate,elementwise-d1-4096-float32,True,leave_one_out,100-500 MiB,134217728,3220832256,134217728,True
True,gpu,134217728,134217728,False,False,elementwise,True,102061909,0.7604204788804054,44739243,global_ratio,nearest-rank compiler/static ratio quantiles,elementwise-d1-4096-float32,True,leave_one_out,100-500 MiB,134217728,3220832256,146801152,True
True,gpu,134217728,134217728,False,False,elementwise,True,74449664,0.5546932220458984,67108864,global_additive,nearest-rank additive residual quantiles,elementwise-d1-4096-float32,True,leave_one_out,100-500 MiB,134217728,3220832256,141558528,True
True,gpu,134217728,134217728,False,False,elementwise,True,0,0.0,134217728,family_ratio,nearest-rank compiler/static ratio quantiles,elementwise-d1-4096-float32,True,leave_one_out,100-500 MiB,134217728,3220832256,134217728,True
True,gpu,134217728,134217728,False,False,elementwise,True,131887943,0.9826417490839958,14913081,size_bucket_ratio,nearest-rank compiler/static ratio quantiles,elementwise-d1-4096-float32,True,leave_one_out,100-500 MiB,134217728,3220832256,146801024,True
True,gpu,33554432,33554432,False,False,elementwise,True,0,0.0,33554432,raw_structural,raw structural estimate,elementwise-d8-2048-float32,True,leave_one_out,10-100 MiB,33554432,3220832256,33554432,True
True,gpu,33554432,33554432,False,False,elementwise,True,25515477,0.7604204714298248,11184811,global_ratio,nearest-rank compiler/static ratio quantiles,elementwise-d8-2048-float32,True,leave_one_out,10-100 MiB,33554432,3220832256,36700288,True
True,gpu,33554432,33554432,False,False,elementwise,True,40895232,1.2187728881835938,0,global_additive,nearest-rank additive residual quantiles,elementwise-d8-2048-float32,True,leave_one_out,10-100 MiB,33554432,3220832256,40895232,True
True,gpu,33554432,33554432,False,False,elementwise,True,0,0.0,33554432,family_ratio,nearest-rank compiler/static ratio quantiles,elementwise-d8-2048-float32,True,leave_one_out,10-100 MiB,33554432,3220832256,33554432,True
True,gpu,33554432,33554432,False,False,elementwise,True,14004399,0.41736361384391785,23278531,size_bucket_ratio,nearest-rank compiler/static ratio quantiles,elementwise-d8-2048-float32,True,leave_one_out,10-100 MiB,33554432,3220832256,37282930,True
True,gpu,134217728,134217728,False,False,elementwise,True,0,0.0,134217728,raw_structural,raw structural estimate,elementwise-d8-4096-float32,True,leave_one_out,100-500 MiB,134217728,3220832256,134217728,True
True,gpu,134217728,134217728,False,False,elementwise,True,102061909,0.7604204788804054,44739243,global_ratio,nearest-rank compiler/static ratio quantiles,elementwise-d8-4096-float32,True,leave_one_out,100-500 MiB,134217728,3220832256,146801152,True
True,gpu,134217728,134217728,False,False,elementwise,True,74449664,0.5546932220458984,67108864,global_additive,nearest-rank additive residual quantiles,elementwise-d8-4096-float32,True,leave_one_out,100-500 MiB,134217728,3220832256,141558528,True
True,gpu,134217728,134217728,False,False,elementwise,True,0,0.0,134217728,family_ratio,nearest-rank compiler/static ratio quantiles,elementwise-d8-4096-float32,True,leave_one_out,100-500 MiB,134217728,3220832256,134217728,True
True,gpu,134217728,134217728,False,False,elementwise,True,131887943,0.9826417490839958,14913081,size_bucket_ratio,nearest-rank compiler/static ratio quantiles,elementwise-d8-4096-float32,True,leave_one_out,100-500 MiB,134217728,3220832256,146801024,True
True,gpu,33554432,33554432,False,False,elementwise,True,0,0.0,33554432,raw_structural,raw structural estimate,elementwise-d16-2048-float32,True,leave_one_out,10-100 MiB,33554432,3220832256,33554432,True
True,gpu,33554432,33554432,False,False,elementwise,True,25515477,0.7604204714298248,11184811,global_ratio,nearest-rank compiler/static ratio quantiles,elementwise-d16-2048-float32,True,leave_one_out,10-100 MiB,33554432,3220832256,36700288,True
True,gpu,33554432,33554432,False,False,elementwise,True,40895232,1.2187728881835938,0,global_additive,nearest-rank additive residual quantiles,elementwise-d16-2048-float32,True,leave_one_out,10-100 MiB,33554432,3220832256,40895232,True
True,gpu,33554432,33554432,False,False,elementwise,True,0,0.0,33554432,family_ratio,nearest-rank compiler/static ratio quantiles,elementwise-d16-2048-float32,True,leave_one_out,10-100 MiB,33554432,3220832256,33554432,True
True,gpu,33554432,33554432,False,False,elementwise,True,14004399,0.41736361384391785,23278531,size_bucket_ratio,nearest-rank compiler/static ratio quantiles,elementwise-d16-2048-float32,True,leave_one_out,10-100 MiB,33554432,3220832256,37282930,True
True,gpu,134217728,134217728,False,False,elementwise,True,0,0.0,134217728,raw_structural,raw structural estimate,elementwise-d16-4096-float32,True,leave_one_out,100-500 MiB,134217728,3220832256,134217728,True
True,gpu,134217728,134217728,False,False,elementwise,True,102061909,0.7604204788804054,44739243,global_ratio,nearest-rank compiler/static ratio quantiles,elementwise-d16-4096-float32,True,leave_one_out,100-500 MiB,134217728,3220832256,146801152,True
True,gpu,134217728,134217728,False,False,elementwise,True,74449664,0.5546932220458984,67108864,global_additive,nearest-rank additive residual quantiles,elementwise-d16-4096-float32,True,leave_one_out,100-500 MiB,134217728,3220832256,141558528,True
True,gpu,134217728,134217728,False,False,elementwise,True,0,0.0,134217728,family_ratio,nearest-rank compiler/static ratio quantiles,elementwise-d16-4096-float32,True,leave_one_out,100-500 MiB,134217728,3220832256,134217728,True
True,gpu,134217728,134217728,False,False,elementwise,True,131887943,0.9826417490839958,14913081,size_bucket_ratio,nearest-rank compiler/static ratio quantiles,elementwise-d16-4096-float32,True,leave_one_out,100-500 MiB,134217728,3220832256,146801024,True
True,gpu,37748736,41943296,False,False,matmul,False,0,0.0,37748736,raw_structural,raw structural estimate,matmul-1024x4096x1024-float32,True,leave_one_out,10-100 MiB,37748736,3220832256,37748736,False
True,gpu,37748736,41943296,False,False,matmul,False,28704876,0.7604195276896158,12582912,global_ratio,nearest-rank compiler/static ratio quantiles,matmul-1024x4096x1024-float32,True,leave_one_out,10-100 MiB,37748736,3220832256,41287788,False
True,gpu,37748736,41943296,False,False,matmul,True,45089536,1.1944647894965277,0,global_additive,nearest-rank additive residual quantiles,matmul-1024x4096x1024-float32,True,leave_one_out,10-100 MiB,37748736,3220832256,45089536,True
True,gpu,37748736,41943296,False,False,matmul,False,3145920,0.08333841959635417,37748736,family_ratio,nearest-rank compiler/static ratio quantiles,matmul-1024x4096x1024-float32,True,leave_one_out,10-100 MiB,37748736,3220832256,40894656,False
True,gpu,37748736,41943296,False,False,matmul,False,15099476,0.3999995125664605,26188348,size_bucket_ratio,nearest-rank compiler/static ratio quantiles,matmul-1024x4096x1024-float32,True,leave_one_out,10-100 MiB,37748736,3220832256,41287824,False
True,gpu,50331648,54526208,False,False,matmul,False,0,0.0,50331648,raw_structural,raw structural estimate,matmul-2048x2048x2048-float32,True,leave_one_out,10-100 MiB,50331648,3220832256,50331648,False
True,gpu,50331648,54526208,False,False,matmul,True,38273216,0.7604204813639323,16777216,global_ratio,nearest-rank compiler/static ratio quantiles,matmul-2048x2048x2048-float32,True,leave_one_out,10-100 MiB,50331648,3220832256,55050432,True
True,gpu,50331648,54526208,False,False,matmul,True,57672448,1.1458485921223958,0,global_additive,nearest-rank additive residual quantiles,matmul-2048x2048x2048-float32,True,leave_one_out,10-100 MiB,50331648,3220832256,57672448,True
True,gpu,50331648,54526208,False,False,matmul,True,5592747,0.1111178994178772,50331648,family_ratio,nearest-rank compiler/static ratio quantiles,matmul-2048x2048x2048-float32,True,leave_one_out,10-100 MiB,50331648,3220832256,55924395,True
True,gpu,50331648,54526208,False,False,matmul,True,21006598,0.41736360390981037,34917797,size_bucket_ratio,nearest-rank compiler/static ratio quantiles,matmul-2048x2048x2048-float32,True,leave_one_out,10-100 MiB,50331648,3220832256,55924395,True
True,gpu,100663296,33554432,False,False,residual,False,0,0.0,100663296,raw_structural,raw structural estimate,residual-d4-2048-float32,True,leave_one_out,10-100 MiB,100663296,3220832256,100663296,True
True,gpu,100663296,33554432,False,False,residual,False,42299398,0.42020676533381146,67801466,global_ratio,nearest-rank compiler/static ratio quantiles,residual-d4-2048-float32,True,leave_one_out,10-100 MiB,100663296,3220832256,110100864,True
True,gpu,100663296,33554432,False,False,residual,False,72385264,0.7190829912821451,35618832,global_additive,nearest-rank additive residual quantiles,residual-d4-2048-float32,True,leave_one_out,10-100 MiB,100663296,3220832256,108004096,True
True,gpu,11184811,33554432,False,False,residual,True,22369621,0.22222221891085306,11184811,family_ratio,nearest-rank compiler/static ratio quantiles,residual-d4-2048-float32,True,leave_one_out,10-100 MiB,100663296,3220832256,33554432,True
True,gpu,100663296,33554432,False,False,residual,False,39398741,0.3913913269837697,72450048,size_bucket_ratio,nearest-rank compiler/static ratio quantiles,residual-d4-2048-float32,True,leave_one_out,10-100 MiB,100663296,3220832256,111848789,True
True,gpu,301989888,33554432,False,False,residual,False,0,0.0,301989888,raw_structural,raw structural estimate,residual-d16-2048-float32,True,leave_one_out,100-500 MiB,301989888,3220832256,301989888,True
True,gpu,301989888,33554432,False,False,residual,False,126898194,0.42020676533381146,203404398,global_ratio,nearest-rank compiler/static ratio quantiles,residual-d16-2048-float32,True,leave_one_out,100-500 MiB,301989888,3220832256,330302592,True
True,gpu,301989888,33554432,False,False,residual,False,72385264,0.23969433042738172,236945424,global_additive,nearest-rank additive residual quantiles,residual-d16-2048-float32,True,leave_one_out,100-500 MiB,301989888,3220832256,309330688,True
True,gpu,100663296,33554432,False,False,residual,True,67108864,0.2222222222222222,33554432,family_ratio,nearest-rank compiler/static ratio quantiles,residual-d16-2048-float32,True,leave_one_out,100-500 MiB,301989888,3220832256,100663296,True
True,gpu,301989888,33554432,False,False,residual,True,296747872,0.9826417499118381,33554432,size_bucket_ratio,nearest-rank compiler/static ratio quantiles,residual-d16-2048-float32,True,leave_one_out,100-500 MiB,301989888,3220832256,330302304,True
True,gpu,29360128,30408704,False,False,mlp,False,0,0.0,29360128,raw_structural,raw structural estimate,mlp-b256-w2048-d2-float32,True,leave_one_out,10-100 MiB,29360128,3220832256,29360128,False
True,gpu,29360128,30408704,False,False,mlp,True,22326043,0.7604204927171979,9786709,global_ratio,nearest-rank compiler/static ratio quantiles,mlp-b256-w2048-d2-float32,True,leave_one_out,10-100 MiB,29360128,3220832256,32112752,True
True,gpu,29360128,30408704,False,False,mlp,True,36700928,1.2500261579241072,0,global_additive,nearest-rank additive residual quantiles,mlp-b256-w2048-d2-float32,True,leave_one_out,10-100 MiB,29360128,3220832256,36700928,True
True,gpu,32112752,30408704,False,False,mlp,False,6685128,0.22769410269601004,32112696,family_ratio,nearest-rank compiler/static ratio quantiles,mlp-b256-w2048-d2-float32,True,leave_one_out,10-100 MiB,29360128,3220832256,38797824,True
True,gpu,29360128,30408704,False,False,mlp,True,12253849,0.4173636095864432,20368715,size_bucket_ratio,nearest-rank compiler/static ratio quantiles,mlp-b256-w2048-d2-float32,True,leave_one_out,10-100 MiB,29360128,3220832256,32622564,True
True,gpu,67108864,73400576,False,False,mlp,False,0,0.0,67108864,raw_structural,raw structural estimate,mlp-b512-w2048-d4-float32,True,leave_one_out,10-100 MiB,67108864,3220832256,67108864,False
True,gpu,67108864,73400576,False,False,mlp,False,51030891,0.7604195326566696,22369621,global_ratio,nearest-rank compiler/static ratio quantiles,mlp-b512-w2048-d4-float32,True,leave_one_out,10-100 MiB,67108864,3220832256,73400512,False
True,gpu,67108864,73400576,False,False,mlp,True,74449664,1.1093864440917969,0,global_additive,nearest-rank additive residual quantiles,mlp-b512-w2048-d4-float32,True,leave_one_out,10-100 MiB,67108864,3220832256,74449664,True
True,gpu,73400512,73400576,False,False,mlp,True,19175132,0.2857317328453064,69505609,family_ratio,nearest-rank compiler/static ratio quantiles,mlp-b512-w2048-d4-float32,True,leave_one_out,10-100 MiB,67108864,3220832256,88680741,True
True,gpu,67108864,73400576,False,False,mlp,True,28008797,0.41736359894275665,46557063,size_bucket_ratio,nearest-rank compiler/static ratio quantiles,mlp-b512-w2048-d4-float32,True,leave_one_out,10-100 MiB,67108864,3220832256,74565860,True
True,gpu,268435456,293602048,False,False,mlp,False,0,0.0,268435456,raw_structural,raw structural estimate,mlp-b1024-w4096-d4-float32,True,leave_one_out,100-500 MiB,268435456,3220832256,268435456,False
True,gpu,268435456,293602048,False,False,mlp,True,204123819,0.7604204826056957,89478485,global_ratio,nearest-rank compiler/static ratio quantiles,mlp-b1024-w4096-d4-float32,True,leave_one_out,100-500 MiB,268435456,3220832256,293602304,True
True,gpu,268435456,293602048,False,False,mlp,False,73400576,0.2734384536743164,201326592,global_additive,nearest-rank additive residual quantiles,mlp-b1024-w4096-d4-float32,True,leave_one_out,100-500 MiB,268435456,3220832256,274727168,False
True,gpu,293602304,293602048,False,False,mlp,True,76700525,0.2857317216694355,278022437,family_ratio,nearest-rank compiler/static ratio quantiles,mlp-b1024-w4096-d4-float32,True,leave_one_out,100-500 MiB,268435456,3220832256,354722962,True
True,gpu,268435456,293602048,False,False,mlp,False,263775630,0.9826407954096794,29826162,size_bucket_ratio,nearest-rank compiler/static ratio quantiles,mlp-b1024-w4096-d4-float32,True,leave_one_out,100-500 MiB,268435456,3220832256,293601792,False
True,gpu,17842176,18874368,False,False,attention,False,0,0.0,17842176,raw_structural,raw structural estimate,attention-b1-h8-s512-d64-float32,True,leave_one_out,10-100 MiB,17842176,3220832256,17842176,False
True,gpu,17842176,18874368,False,False,attention,True,13567556,0.7604204778609963,5947392,global_ratio,nearest-rank compiler/static ratio quantiles,attention-b1-h8-s512-d64-float32,True,leave_one_out,10-100 MiB,17842176,3220832256,19514948,True
True,gpu,17842176,18874368,False,False,attention,True,25182976,1.41142963728191,0,global_additive,nearest-rank additive residual quantiles,attention-b1-h8-s512-d64-float32,True,leave_one_out,10-100 MiB,17842176,3220832256,25182976,True
True,gpu,12841488,18874368,False,False,attention,False,6356607,0.3562685963864497,12017545,family_ratio,nearest-rank compiler/static ratio quantiles,attention-b1-h8-s512-d64-float32,True,leave_one_out,10-100 MiB,17842176,3220832256,18374152,False
True,gpu,17842176,18874368,False,False,attention,True,7446675,0.4173636108062156,12378086,size_bucket_ratio,nearest-rank compiler/static ratio quantiles,attention-b1-h8-s512-d64-float32,True,leave_one_out,10-100 MiB,17842176,3220832256,19824761,True
True,gpu,69238784,71303184,False,False,attention,False,0,0.0,69238784,raw_structural,raw structural estimate,attention-b1-h8-s1024-d64-float32,True,leave_one_out,10-100 MiB,69238784,3220832256,69238784,False
True,gpu,69238784,71303184,False,False,attention,True,52650589,0.7604204747443283,23079595,global_ratio,nearest-rank compiler/static ratio quantiles,attention-b1-h8-s1024-d64-float32,True,leave_one_out,10-100 MiB,69238784,3220832256,75730184,True
True,gpu,69238784,71303184,False,False,attention,True,74449664,1.0752595539517273,2129920,global_additive,nearest-rank additive residual quantiles,attention-b1-h8-s1024-d64-float32,True,leave_one_out,10-100 MiB,69238784,3220832256,76579584,True
True,gpu,49832992,71303184,False,False,attention,True,26608754,0.3843041784211577,46635579,family_ratio,nearest-rank compiler/static ratio quantiles,attention-b1-h8-s1024-d64-float32,True,leave_one_out,10-100 MiB,69238784,3220832256,73244333,True
True,gpu,69238784,71303184,False,False,attention,True,28897748,0.4173635978355715,48034704,size_bucket_ratio,nearest-rank compiler/static ratio quantiles,attention-b1-h8-s1024-d64-float32,True,leave_one_out,10-100 MiB,69238784,3220832256,76932452,True
True,gpu,272695296,276824080,False,False,attention,False,0,0.0,272695296,raw_structural,raw structural estimate,attention-b1-h8-s2048-d64-float32,True,leave_one_out,100-500 MiB,272695296,3220832256,272695296,False
True,gpu,272695296,276824080,False,False,attention,True,207363088,0.7604204804471582,90898432,global_ratio,nearest-rank compiler/static ratio quantiles,attention-b1-h8-s2048-d64-float32,True,leave_one_out,100-500 MiB,272695296,3220832256,298261520,True
True,gpu,272695296,276824080,False,False,attention,True,74449664,0.273014111691901,205586432,global_additive,nearest-rank additive residual quantiles,attention-b1-h8-s2048-d64-float32,True,leave_one_out,100-500 MiB,272695296,3220832256,280036096,True
True,gpu,196266048,276824080,False,False,attention,True,104797945,0.38430419056440196,183673112,family_ratio,nearest-rank compiler/static ratio quantiles,attention-b1-h8-s2048-d64-float32,True,leave_one_out,100-500 MiB,272695296,3220832256,288471057,True
True,gpu,272695296,276824080,False,False,attention,True,267961783,0.982641750446623,30299477,size_bucket_ratio,nearest-rank compiler/static ratio quantiles,attention-b1-h8-s2048-d64-float32,True,leave_one_out,100-500 MiB,272695296,3220832256,298261260,True
True,gpu,1082261504,1090519056,False,False,attention,False,0,0.0,1082261504,raw_structural,raw structural estimate,attention-b1-h8-s4096-d64-float32,True,leave_one_out,>1 GiB,1082261504,3220832256,1082261504,False
True,gpu,1082261504,1090519056,False,False,attention,True,822973813,0.7604204805939397,360753835,global_ratio,nearest-rank compiler/static ratio quantiles,attention-b1-h8-s4096-d64-float32,True,leave_one_out,>1 GiB,1082261504,3220832256,1183727648,True
True,gpu,1082261504,1090519056,False,False,attention,False,73400576,0.06782147912377377,1015152640,global_additive,nearest-rank additive residual quantiles,attention-b1-h8-s4096-d64-float32,True,leave_one_out,>1 GiB,1082261504,3220832256,1088553216,False
True,gpu,778932352,1090519056,False,False,attention,True,415917632,0.3843041912354669,728954042,family_ratio,nearest-rank compiler/static ratio quantiles,attention-b1-h8-s4096-d64-float32,True,leave_one_out,>1 GiB,1082261504,3220832256,1144871674,True
True,gpu,1082261504,1090519056,False,False,attention,True,822973813,0.7604204805939397,360753835,size_bucket_ratio,nearest-rank compiler/static ratio quantiles,attention-b1-h8-s4096-d64-float32,True,leave_one_out,>1 GiB,1082261504,3220832256,1183727648,True
True,gpu,27279360,27263248,False,False,transformer,False,0,0.0,27279360,raw_structural,raw structural estimate,transformer-s512-w512-float32,True,leave_one_out,10-100 MiB,27279360,3220832256,27279360,True
True,gpu,27279360,27263248,False,False,transformer,True,20743784,0.7604204790728228,9093120,global_ratio,nearest-rank compiler/static ratio quantiles,transformer-s512-w512-float32,True,leave_one_out,10-100 MiB,27279360,3220832256,29836904,True
True,gpu,27279360,27263248,False,False,transformer,True,34620160,1.2690972222222223,0,global_additive,nearest-rank additive residual quantiles,transformer-s512-w512-float32,True,leave_one_out,10-100 MiB,27279360,3220832256,34620160,True
True,gpu,20854081,27263248,False,False,transformer,False,0,0.0,20854081,family_ratio,nearest-rank compiler/static ratio quantiles,transformer-s512-w512-float32,True,leave_one_out,10-100 MiB,27279360,3220832256,20854081,False
True,gpu,27279360,27263248,False,False,transformer,True,11385412,0.4173636038382132,18925173,size_bucket_ratio,nearest-rank compiler/static ratio quantiles,transformer-s512-w512-float32,True,leave_one_out,10-100 MiB,27279360,3220832256,30310585,True
True,gpu,18882564,19936340,False,False,training,False,0,0.0,18882564,raw_structural,raw structural estimate,training-b512-w1024-float32,True,leave_one_out,10-100 MiB,18882564,3220832256,18882564,False
True,gpu,18882564,19936340,False,False,training,True,14358688,0.7604204598485672,6294188,global_ratio,nearest-rank compiler/static ratio quantiles,training-b512-w1024-float32,True,leave_one_out,10-100 MiB,18882564,3220832256,20652876,True
True,gpu,18882564,19936340,False,False,training,True,26223364,1.3887607636335828,0,global_additive,nearest-rank additive residual quantiles,training-b512-w1024-float32,True,leave_one_out,10-100 MiB,18882564,3220832256,26223364,True
True,gpu,19937444,19936340,False,False,training,False,0,0.0,19937444,family_ratio,nearest-rank compiler/static ratio quantiles,training-b512-w1024-float32,True,leave_one_out,10-100 MiB,18882564,3220832256,19937444,True
True,gpu,18882564,19936340,False,False,training,True,7880895,0.4173636059170778,13099860,size_bucket_ratio,nearest-rank compiler/static ratio quantiles,training-b512-w1024-float32,True,leave_one_out,10-100 MiB,18882564,3220832256,20980755,True
True,gpu,16777216,16777216,False,False,elementwise,True,0,0.0,16777216,raw_structural,raw structural estimate,elementwise-d1-2048-float16,True,leave_one_out,10-100 MiB,16777216,3220832256,16777216,True
True,gpu,16777216,16777216,False,False,elementwise,True,12757739,0.7604205012321472,5592405,global_ratio,nearest-rank compiler/static ratio quantiles,elementwise-d1-2048-float16,True,leave_one_out,10-100 MiB,16777216,3220832256,18350144,True
True,gpu,16777216,16777216,False,False,elementwise,True,24118016,1.4375457763671875,0,global_additive,nearest-rank additive residual quantiles,elementwise-d1-2048-float16,True,leave_one_out,10-100 MiB,16777216,3220832256,24118016,True
True,gpu,16777216,16777216,False,False,elementwise,True,0,0.0,16777216,family_ratio,nearest-rank compiler/static ratio quantiles,elementwise-d1-2048-float16,True,leave_one_out,10-100 MiB,16777216,3220832256,16777216,True
True,gpu,16777216,16777216,False,False,elementwise,True,7002199,0.41736358404159546,11639266,size_bucket_ratio,nearest-rank compiler/static ratio quantiles,elementwise-d1-2048-float16,True,leave_one_out,10-100 MiB,16777216,3220832256,18641465,True
True,gpu,67108864,67108864,False,False,elementwise,True,0,0.0,67108864,raw_structural,raw structural estimate,elementwise-d1-4096-float16,True,leave_one_out,10-100 MiB,67108864,3220832256,67108864,True
True,gpu,67108864,67108864,False,False,elementwise,True,51030955,0.760420486330986,22369621,global_ratio,nearest-rank compiler/static ratio quantiles,elementwise-d1-4096-float16,True,leave_one_out,10-100 MiB,67108864,3220832256,73400576,True
True,gpu,67108864,67108864,False,False,elementwise,True,74449664,1.1093864440917969,0,global_additive,nearest-rank additive residual quantiles,elementwise-d1-4096-float16,True,leave_one_out,10-100 MiB,67108864,3220832256,74449664,True
True,gpu,67108864,67108864,False,False,elementwise,True,0,0.0,67108864,family_ratio,nearest-rank compiler/static ratio quantiles,elementwise-d1-4096-float16,True,leave_one_out,10-100 MiB,67108864,3220832256,67108864,True
True,gpu,67108864,67108864,False,False,elementwise,True,28008797,0.41736359894275665,46557063,size_bucket_ratio,nearest-rank compiler/static ratio quantiles,elementwise-d1-4096-float16,True,leave_one_out,10-100 MiB,67108864,3220832256,74565860,True
True,gpu,16777216,16777216,False,False,elementwise,True,0,0.0,16777216,raw_structural,raw structural estimate,elementwise-d8-2048-float16,True,leave_one_out,10-100 MiB,16777216,3220832256,16777216,True
True,gpu,16777216,16777216,False,False,elementwise,True,12757739,0.7604205012321472,5592405,global_ratio,nearest-rank compiler/static ratio quantiles,elementwise-d8-2048-float16,True,leave_one_out,10-100 MiB,16777216,3220832256,18350144,True
True,gpu,16777216,16777216,False,False,elementwise,True,24118016,1.4375457763671875,0,global_additive,nearest-rank additive residual quantiles,elementwise-d8-2048-float16,True,leave_one_out,10-100 MiB,16777216,3220832256,24118016,True
True,gpu,16777216,16777216,False,False,elementwise,True,0,0.0,16777216,family_ratio,nearest-rank compiler/static ratio quantiles,elementwise-d8-2048-float16,True,leave_one_out,10-100 MiB,16777216,3220832256,16777216,True
True,gpu,16777216,16777216,False,False,elementwise,True,7002199,0.41736358404159546,11639266,size_bucket_ratio,nearest-rank compiler/static ratio quantiles,elementwise-d8-2048-float16,True,leave_one_out,10-100 MiB,16777216,3220832256,18641465,True
True,gpu,67108864,67108864,False,False,elementwise,True,0,0.0,67108864,raw_structural,raw structural estimate,elementwise-d8-4096-float16,True,leave_one_out,10-100 MiB,67108864,3220832256,67108864,True
True,gpu,67108864,67108864,False,False,elementwise,True,51030955,0.760420486330986,22369621,global_ratio,nearest-rank compiler/static ratio quantiles,elementwise-d8-4096-float16,True,leave_one_out,10-100 MiB,67108864,3220832256,73400576,True
True,gpu,67108864,67108864,False,False,elementwise,True,74449664,1.1093864440917969,0,global_additive,nearest-rank additive residual quantiles,elementwise-d8-4096-float16,True,leave_one_out,10-100 MiB,67108864,3220832256,74449664,True
True,gpu,67108864,67108864,False,False,elementwise,True,0,0.0,67108864,family_ratio,nearest-rank compiler/static ratio quantiles,elementwise-d8-4096-float16,True,leave_one_out,10-100 MiB,67108864,3220832256,67108864,True
True,gpu,67108864,67108864,False,False,elementwise,True,28008797,0.41736359894275665,46557063,size_bucket_ratio,nearest-rank compiler/static ratio quantiles,elementwise-d8-4096-float16,True,leave_one_out,10-100 MiB,67108864,3220832256,74565860,True
True,gpu,16777216,16777216,False,False,elementwise,True,0,0.0,16777216,raw_structural,raw structural estimate,elementwise-d16-2048-float16,True,leave_one_out,10-100 MiB,16777216,3220832256,16777216,True
True,gpu,16777216,16777216,False,False,elementwise,True,12757739,0.7604205012321472,5592405,global_ratio,nearest-rank compiler/static ratio quantiles,elementwise-d16-2048-float16,True,leave_one_out,10-100 MiB,16777216,3220832256,18350144,True
True,gpu,16777216,16777216,False,False,elementwise,True,24118016,1.4375457763671875,0,global_additive,nearest-rank additive residual quantiles,elementwise-d16-2048-float16,True,leave_one_out,10-100 MiB,16777216,3220832256,24118016,True
True,gpu,16777216,16777216,False,False,elementwise,True,0,0.0,16777216,family_ratio,nearest-rank compiler/static ratio quantiles,elementwise-d16-2048-float16,True,leave_one_out,10-100 MiB,16777216,3220832256,16777216,True
True,gpu,16777216,16777216,False,False,elementwise,True,7002199,0.41736358404159546,11639266,size_bucket_ratio,nearest-rank compiler/static ratio quantiles,elementwise-d16-2048-float16,True,leave_one_out,10-100 MiB,16777216,3220832256,18641465,True
True,gpu,67108864,67108864,False,False,elementwise,True,0,0.0,67108864,raw_structural,raw structural estimate,elementwise-d16-4096-float16,True,leave_one_out,10-100 MiB,67108864,3220832256,67108864,True
True,gpu,67108864,67108864,False,False,elementwise,True,51030955,0.760420486330986,22369621,global_ratio,nearest-rank compiler/static ratio quantiles,elementwise-d16-4096-float16,True,leave_one_out,10-100 MiB,67108864,3220832256,73400576,True
True,gpu,67108864,67108864,False,False,elementwise,True,74449664,1.1093864440917969,0,global_additive,nearest-rank additive residual quantiles,elementwise-d16-4096-float16,True,leave_one_out,10-100 MiB,67108864,3220832256,74449664,True
True,gpu,67108864,67108864,False,False,elementwise,True,0,0.0,67108864,family_ratio,nearest-rank compiler/static ratio quantiles,elementwise-d16-4096-float16,True,leave_one_out,10-100 MiB,67108864,3220832256,67108864,True
True,gpu,67108864,67108864,False,False,elementwise,True,28008797,0.41736359894275665,46557063,size_bucket_ratio,nearest-rank compiler/static ratio quantiles,elementwise-d16-4096-float16,True,leave_one_out,10-100 MiB,67108864,3220832256,74565860,True
True,gpu,18874368,18874368,False,False,matmul,True,0,0.0,18874368,raw_structural,raw structural estimate,matmul-1024x4096x1024-float16,True,leave_one_out,10-100 MiB,18874368,3220832256,18874368,True
True,gpu,18874368,18874368,False,False,matmul,True,14352456,0.7604204813639323,6291456,global_ratio,nearest-rank compiler/static ratio quantiles,matmul-1024x4096x1024-float16,True,leave_one_out,10-100 MiB,18874368,3220832256,20643912,True
True,gpu,18874368,18874368,False,False,matmul,True,26215168,1.3889295789930556,0,global_additive,nearest-rank additive residual quantiles,matmul-1024x4096x1024-float16,True,leave_one_out,10-100 MiB,18874368,3220832256,26215168,True
True,gpu,20447328,18874368,False,False,matmul,True,2097280,0.1111178927951389,18874368,family_ratio,nearest-rank compiler/static ratio quantiles,matmul-1024x4096x1024-float16,True,leave_one_out,10-100 MiB,18874368,3220832256,20971648,True
True,gpu,18874368,18874368,False,False,matmul,True,7877474,0.41736359066433376,13094174,size_bucket_ratio,nearest-rank compiler/static ratio quantiles,matmul-1024x4096x1024-float16,True,leave_one_out,10-100 MiB,18874368,3220832256,20971648,True
True,gpu,25165824,25165824,False,False,matmul,True,0,0.0,25165824,raw_structural,raw structural estimate,matmul-2048x2048x2048-float16,True,leave_one_out,10-100 MiB,25165824,3220832256,25165824,True
True,gpu,25165824,25165824,False,False,matmul,True,19136608,0.7604204813639323,8388608,global_ratio,nearest-rank compiler/static ratio quantiles,matmul-2048x2048x2048-float16,True,leave_one_out,10-100 MiB,25165824,3220832256,27525216,True
True,gpu,25165824,25165824,False,False,matmul,True,32506624,1.2916971842447917,0,global_additive,nearest-rank additive residual quantiles,matmul-2048x2048x2048-float16,True,leave_one_out,10-100 MiB,25165824,3220832256,32506624,True
True,gpu,27263104,25165824,False,False,matmul,True,2796373,0.11111787954966228,25165824,family_ratio,nearest-rank compiler/static ratio quantiles,matmul-2048x2048x2048-float16,True,leave_one_out,10-100 MiB,25165824,3220832256,27962197,True
True,gpu,25165824,25165824,False,False,matmul,True,10503299,0.41736360390981037,17458898,size_bucket_ratio,nearest-rank compiler/static ratio quantiles,matmul-2048x2048x2048-float16,True,leave_one_out,10-100 MiB,25165824,3220832256,27962197,True
True,gpu,50331648,16777216,False,False,residual,False,0,0.0,50331648,raw_structural,raw structural estimate,residual-d4-2048-float16,True,leave_one_out,10-100 MiB,50331648,3220832256,50331648,True
True,gpu,50331648,16777216,False,False,residual,False,21149699,0.42020676533381146,33900733,global_ratio,nearest-rank compiler/static ratio quantiles,residual-d4-2048-float16,True,leave_one_out,10-100 MiB,50331648,3220832256,55050432,True
True,gpu,50331648,16777216,False,False,residual,True,57672448,1.1458485921223958,0,global_additive,nearest-rank additive residual quantiles,residual-d4-2048-float16,True,leave_one_out,10-100 MiB,50331648,3220832256,57672448,True
True,gpu,5592405,16777216,False,False,residual,True,11184811,0.22222222884496054,5592405,family_ratio,nearest-rank compiler/static ratio quantiles,residual-d4-2048-float16,True,leave_one_out,10-100 MiB,50331648,3220832256,16777216,True
True,gpu,50331648,16777216,False,False,residual,False,19699371,0.3913913369178772,36225024,size_bucket_ratio,nearest-rank compiler/static ratio quantiles,residual-d4-2048-float16,True,leave_one_out,10-100 MiB,50331648,3220832256,55924395,True
True,gpu,150994944,16777216,False,False,residual,False,0,0.0,150994944,raw_structural,raw structural estimate,residual-d16-2048-float16,True,leave_one_out,100-500 MiB,150994944,3220832256,150994944,True
True,gpu,150994944,16777216,False,False,residual,False,63449097,0.42020676533381146,101702199,global_ratio,nearest-rank compiler/static ratio quantiles,residual-d16-2048-float16,True,leave_one_out,100-500 MiB,150994944,3220832256,165151296,True
True,gpu,150994944,16777216,False,False,residual,False,72385264,0.47938866085476345,85950480,global_additive,nearest-rank additive residual quantiles,residual-d16-2048-float16,True,leave_one_out,100-500 MiB,150994944,3220832256,158335744,True
True,gpu,50331648,16777216,False,False,residual,True,33554432,0.2222222222222222,16777216,family_ratio,nearest-rank compiler/static ratio quantiles,residual-d16-2048-float16,True,leave_one_out,100-500 MiB,150994944,3220832256,50331648,True
True,gpu,150994944,16777216,False,False,residual,True,148373936,0.9826417499118381,16777216,size_bucket_ratio,nearest-rank compiler/static ratio quantiles,residual-d16-2048-float16,True,leave_one_out,100-500 MiB,150994944,3220832256,165151152,True
True,gpu,14680064,19398912,False,False,mlp,False,0,0.0,14680064,raw_structural,raw structural estimate,mlp-b256-w2048-d2-float16,True,leave_one_out,10-100 MiB,14680064,3220832256,14680064,False
True,gpu,14680064,19398912,False,False,mlp,False,11163007,0.7604195049830845,4893355,global_ratio,nearest-rank compiler/static ratio quantiles,mlp-b256-w2048-d2-float16,True,leave_one_out,10-100 MiB,14680064,3220832256,16056362,False
True,gpu,14680064,19398912,False,False,mlp,True,22020864,1.5000523158482142,0,global_additive,nearest-rank additive residual quantiles,mlp-b256-w2048-d2-float16,True,leave_one_out,10-100 MiB,14680064,3220832256,22020864,True
True,gpu,16056362,19398912,False,False,mlp,False,2687312,0.18305860246930802,15204352,family_ratio,nearest-rank compiler/static ratio quantiles,mlp-b256-w2048-d2-float16,True,leave_one_out,10-100 MiB,14680064,3220832256,17891664,False
True,gpu,14680064,19398912,False,False,mlp,False,5872019,0.3999995504106794,10184357,size_bucket_ratio,nearest-rank compiler/static ratio quantiles,mlp-b256-w2048-d2-float16,True,leave_one_out,10-100 MiB,14680064,3220832256,16056376,False
True,gpu,33554432,40895232,False,False,mlp,False,0,0.0,33554432,raw_structural,raw structural estimate,mlp-b512-w2048-d4-float16,True,leave_one_out,10-100 MiB,33554432,3220832256,33554432,False
True,gpu,33554432,40895232,False,False,mlp,False,25515445,0.7604195177555084,11184811,global_ratio,nearest-rank compiler/static ratio quantiles,mlp-b512-w2048-d4-float16,True,leave_one_out,10-100 MiB,33554432,3220832256,36700256,False
True,gpu,33554432,40895232,False,False,mlp,False,39846144,1.1875076293945312,0,global_additive,nearest-rank additive residual quantiles,mlp-b512-w2048-d4-float16,True,leave_one_out,10-100 MiB,33554432,3220832256,39846144,False
True,gpu,36700256,40895232,False,False,mlp,True,9587565,0.285731703042984,34752805,family_ratio,nearest-rank compiler/static ratio quantiles,mlp-b512-w2048-d4-float16,True,leave_one_out,10-100 MiB,33554432,3220832256,44340370,True
True,gpu,33554432,40895232,False,False,mlp,False,13421757,0.3999995291233063,23278531,size_bucket_ratio,nearest-rank compiler/static ratio quantiles,mlp-b512-w2048-d4-float16,True,leave_one_out,10-100 MiB,33554432,3220832256,36700288,False
True,gpu,134217728,146800896,False,False,mlp,False,0,0.0,134217728,raw_structural,raw structural estimate,mlp-b1024-w4096-d4-float16,True,leave_one_out,100-500 MiB,134217728,3220832256,134217728,False
True,gpu,134217728,146800896,False,False,mlp,True,102061909,0.7604204788804054,44739243,global_ratio,nearest-rank compiler/static ratio quantiles,mlp-b1024-w4096-d4-float16,True,leave_one_out,100-500 MiB,134217728,3220832256,146801152,True
True,gpu,134217728,146800896,False,False,mlp,False,73400576,0.5468769073486328,67108864,global_additive,nearest-rank additive residual quantiles,mlp-b1024-w4096-d4-float16,True,leave_one_out,100-500 MiB,134217728,3220832256,140509440,False
True,gpu,146801152,146800896,False,False,mlp,True,38350263,0.2857317253947258,139011218,family_ratio,nearest-rank compiler/static ratio quantiles,mlp-b1024-w4096-d4-float16,True,leave_one_out,100-500 MiB,134217728,3220832256,177361481,True
True,gpu,134217728,146800896,False,False,mlp,True,131887943,0.9826417490839958,14913081,size_bucket_ratio,nearest-rank compiler/static ratio quantiles,mlp-b1024-w4096-d4-float16,True,leave_one_out,100-500 MiB,134217728,3220832256,146801024,True
True,gpu,13123584,9445392,False,False,attention,False,0,0.0,13123584,raw_structural,raw structural estimate,attention-b1-h8-s512-d64-float16,True,leave_one_out,10-100 MiB,13123584,3220832256,13123584,True
True,gpu,13123584,9445392,False,False,attention,True,9979442,0.7604204766015137,4374528,global_ratio,nearest-rank compiler/static ratio quantiles,attention-b1-h8-s512-d64-float16,True,leave_one_out,10-100 MiB,13123584,3220832256,14353970,True
True,gpu,13123584,9445392,False,False,attention,True,20464384,1.5593593945068664,0,global_additive,nearest-rank additive residual quantiles,attention-b1-h8-s512-d64-float16,True,leave_one_out,10-100 MiB,13123584,3220832256,20464384,True
True,gpu,13223716,9445392,False,False,attention,True,5043449,0.38430424189002027,8839351,family_ratio,nearest-rank compiler/static ratio quantiles,attention-b1-h8-s512-d64-float16,True,leave_one_out,10-100 MiB,13123584,3220832256,13882800,True
True,gpu,13123584,9445392,False,False,attention,True,5477306,0.417363579948892,9104543,size_bucket_ratio,nearest-rank compiler/static ratio quantiles,attention-b1-h8-s512-d64-float16,True,leave_one_out,10-100 MiB,13123584,3220832256,14581849,True
True,gpu,51412992,35667984,False,False,attention,False,0,0.0,51412992,raw_structural,raw structural estimate,attention-b1-h8-s1024-d64-float16,True,leave_one_out,10-100 MiB,51412992,3220832256,51412992,True
True,gpu,51412992,35667984,False,False,attention,True,39095492,0.7604204789326402,17137664,global_ratio,nearest-rank compiler/static ratio quantiles,attention-b1-h8-s1024-d64-float16,True,leave_one_out,10-100 MiB,51412992,3220832256,56233156,True
True,gpu,51412992,35667984,False,False,attention,True,58753792,1.1427810309114086,0,global_additive,nearest-rank additive residual quantiles,attention-b1-h8-s1024-d64-float16,True,leave_one_out,10-100 MiB,51412992,3220832256,58753792,True
True,gpu,51805268,35667984,False,False,attention,True,19758228,0.38430418521450765,34629069,family_ratio,nearest-rank compiler/static ratio quantiles,attention-b1-h8-s1024-d64-float16,True,leave_one_out,10-100 MiB,51412992,3220832256,54387297,True
True,gpu,51412992,35667984,False,False,attention,False,20122599,0.39139132381169334,37003296,size_bucket_ratio,nearest-rank compiler/static ratio quantiles,attention-b1-h8-s1024-d64-float16,True,leave_one_out,10-100 MiB,51412992,3220832256,57125895,True
True,gpu,203489280,138444816,False,False,attention,False,0,0.0,203489280,raw_structural,raw structural estimate,attention-b1-h8-s2048-d64-float16,True,leave_one_out,100-500 MiB,203489280,3220832256,203489280,True
True,gpu,203489280,138444816,False,False,attention,True,154737416,0.7604204801353663,67829760,global_ratio,nearest-rank compiler/static ratio quantiles,attention-b1-h8-s2048-d64-float16,True,leave_one_out,100-500 MiB,203489280,3220832256,222567176,True
True,gpu,203489280,138444816,False,False,attention,True,74449664,0.36586528784219,136380416,global_additive,nearest-rank additive residual quantiles,attention-b1-h8-s2048-d64-float16,True,leave_one_out,100-500 MiB,203489280,3220832256,210830080,True
True,gpu,205041884,138444816,False,False,attention,True,78201783,0.38430419037307517,137059604,family_ratio,nearest-rank compiler/static ratio quantiles,attention-b1-h8-s2048-d64-float16,True,leave_one_out,100-500 MiB,203489280,3220832256,215261387,True
True,gpu,203489280,138444816,False,False,attention,True,199957062,0.9826417489904137,22609920,size_bucket_ratio,nearest-rank compiler/static ratio quantiles,attention-b1-h8-s2048-d64-float16,True,leave_one_out,100-500 MiB,203489280,3220832256,222566982,True
True,gpu,809631744,545325072,False,False,attention,False,0,0.0,809631744,raw_structural,raw structural estimate,attention-b1-h8-s4096-d64-float16,True,leave_one_out,500 MiB-1 GiB,809631744,3220832256,809631744,True
True,gpu,809631744,545325072,False,False,attention,True,615660560,0.7604204807463676,269877248,global_ratio,nearest-rank compiler/static ratio quantiles,attention-b1-h8-s4096-d64-float16,True,leave_one_out,500 MiB-1 GiB,809631744,3220832256,885537808,True
True,gpu,809631744,545325072,False,False,attention,False,72385264,0.08940517035853772,744587280,global_additive,nearest-rank additive residual quantiles,attention-b1-h8-s4096-d64-float16,True,leave_one_out,500 MiB-1 GiB,809631744,3220832256,816972544,True
True,gpu,815809157,545325072,False,False,attention,False,305633468,0.3774968932048198,550836476,family_ratio,nearest-rank compiler/static ratio quantiles,attention-b1-h8-s4096-d64-float16,True,leave_one_out,500 MiB-1 GiB,809631744,3220832256,856469944,True
True,gpu,809631744,545325072,False,False,attention,True,615660560,0.7604204807463676,269877248,size_bucket_ratio,nearest-rank compiler/static ratio quantiles,attention-b1-h8-s4096-d64-float16,True,leave_one_out,500 MiB-1 GiB,809631744,3220832256,885537808,True
True,gpu,17842176,13639696,False,False,transformer,False,0,0.0,17842176,raw_structural,raw structural estimate,transformer-s512-w512-float16,True,leave_one_out,10-100 MiB,17842176,3220832256,17842176,True
True,gpu,17842176,13639696,False,False,transformer,True,13567556,0.7604204778609963,5947392,global_ratio,nearest-rank compiler/static ratio quantiles,transformer-s512-w512-float16,True,leave_one_out,10-100 MiB,17842176,3220832256,19514948,True
True,gpu,17842176,13639696,False,False,transformer,True,25182976,1.41142963728191,0,global_additive,nearest-rank additive residual quantiles,transformer-s512-w512-float16,True,leave_one_out,10-100 MiB,17842176,3220832256,25182976,True
True,gpu,17831638,13639696,False,False,transformer,False,0,0.0,17831638,family_ratio,nearest-rank compiler/static ratio quantiles,transformer-s512-w512-float16,True,leave_one_out,10-100 MiB,17842176,3220832256,17831638,True
True,gpu,17842176,13639696,False,False,transformer,True,7446675,0.4173636108062156,12378086,size_bucket_ratio,nearest-rank compiler/static ratio quantiles,transformer-s512-w512-float16,True,leave_one_out,10-100 MiB,17842176,3220832256,19824761,True
True,gpu,9441282,9968722,False,False,training,False,0,0.0,9441282,raw_structural,raw structural estimate,training-b512-w1024-float16,True,leave_one_out,<10 MiB,9441282,3220832256,9441282,False
True,gpu,9441282,9968722,False,False,training,True,7179344,0.7604204598485672,3147094,global_ratio,nearest-rank compiler/static ratio quantiles,training-b512-w1024-float16,True,leave_one_out,<10 MiB,9441282,3220832256,10326438,True
True,gpu,9441282,9968722,False,False,training,True,16782082,1.7775215272671656,0,global_additive,nearest-rank additive residual quantiles,training-b512-w1024-float16,True,leave_one_out,<10 MiB,9441282,3220832256,16782082,True
True,gpu,9968170,9968722,False,False,training,False,0,0.0,9968170,family_ratio,nearest-rank compiler/static ratio quantiles,training-b512-w1024-float16,True,leave_one_out,<10 MiB,9441282,3220832256,9968170,False
True,gpu,9441282,9968722,False,False,training,True,7179344,0.7604204598485672,3147094,size_bucket_ratio,nearest-rank compiler/static ratio quantiles,training-b512-w1024-float16,True,leave_one_out,<10 MiB,9441282,3220832256,10326438,True
True,gpu,33554432,33554432,False,False,elementwise,True,0,0.0,33554432,raw_structural,raw structural estimate,elementwise-d1-2048-float32,True,leave_family_out,10-100 MiB,33554432,3220832256,33554432,True
True,gpu,33810449,33554432,False,False,elementwise,True,26098119,0.7777845561504364,11184811,global_ratio,nearest-rank compiler/static ratio quantiles,elementwise-d1-2048-float32,True,leave_family_out,10-100 MiB,33554432,3220832256,37282930,True
True,gpu,34081872,33554432,False,False,elementwise,True,41811984,1.2460942268371582,0,global_additive,nearest-rank additive residual quantiles,elementwise-d1-2048-float32,True,leave_family_out,10-100 MiB,33554432,3220832256,41811984,True
True,gpu,33810449,33554432,False,False,elementwise,True,26098119,0.7777845561504364,11184811,family_ratio,nearest-rank compiler/static ratio quantiles,elementwise-d1-2048-float32,True,leave_family_out,10-100 MiB,33554432,3220832256,37282930,True
True,gpu,34554880,33554432,False,False,elementwise,True,29710421,0.885439544916153,11184811,size_bucket_ratio,nearest-rank compiler/static ratio quantiles,elementwise-d1-2048-float32,True,leave_family_out,10-100 MiB,33554432,3220832256,40895232,True
True,gpu,134217728,134217728,False,False,elementwise,True,0,0.0,134217728,raw_structural,raw structural estimate,elementwise-d1-4096-float32,True,leave_family_out,100-500 MiB,134217728,3220832256,134217728,True
True,gpu,135241796,134217728,False,False,elementwise,True,104392476,0.7777845561504364,44739243,global_ratio,nearest-rank compiler/static ratio quantiles,elementwise-d1-4096-float32,True,leave_family_out,100-500 MiB,134217728,3220832256,149131719,True
True,gpu,134745168,134217728,False,False,elementwise,True,142475280,1.0615235567092896,0,global_additive,nearest-rank additive residual quantiles,elementwise-d1-4096-float32,True,leave_family_out,100-500 MiB,134217728,3220832256,142475280,True
True,gpu,135241796,134217728,False,False,elementwise,True,104392476,0.7777845561504364,44739243,family_ratio,nearest-rank compiler/static ratio quantiles,elementwise-d1-4096-float32,True,leave_family_out,100-500 MiB,134217728,3220832256,149131719,True
True,gpu,91315615,134217728,False,False,elementwise,True,131887943,0.9826417490839958,14913081,size_bucket_ratio,nearest-rank compiler/static ratio quantiles,elementwise-d1-4096-float32,True,leave_family_out,100-500 MiB,134217728,3220832256,146801024,True
True,gpu,33554432,33554432,False,False,elementwise,True,0,0.0,33554432,raw_structural,raw structural estimate,elementwise-d8-2048-float32,True,leave_family_out,10-100 MiB,33554432,3220832256,33554432,True
True,gpu,33810449,33554432,False,False,elementwise,True,26098119,0.7777845561504364,11184811,global_ratio,nearest-rank compiler/static ratio quantiles,elementwise-d8-2048-float32,True,leave_family_out,10-100 MiB,33554432,3220832256,37282930,True
True,gpu,34081872,33554432,False,False,elementwise,True,41811984,1.2460942268371582,0,global_additive,nearest-rank additive residual quantiles,elementwise-d8-2048-float32,True,leave_family_out,10-100 MiB,33554432,3220832256,41811984,True
True,gpu,33810449,33554432,False,False,elementwise,True,26098119,0.7777845561504364,11184811,family_ratio,nearest-rank compiler/static ratio quantiles,elementwise-d8-2048-float32,True,leave_family_out,10-100 MiB,33554432,3220832256,37282930,True
True,gpu,34554880,33554432,False,False,elementwise,True,29710421,0.885439544916153,11184811,size_bucket_ratio,nearest-rank compiler/static ratio quantiles,elementwise-d8-2048-float32,True,leave_family_out,10-100 MiB,33554432,3220832256,40895232,True
True,gpu,134217728,134217728,False,False,elementwise,True,0,0.0,134217728,raw_structural,raw structural estimate,elementwise-d8-4096-float32,True,leave_family_out,100-500 MiB,134217728,3220832256,134217728,True
True,gpu,135241796,134217728,False,False,elementwise,True,104392476,0.7777845561504364,44739243,global_ratio,nearest-rank compiler/static ratio quantiles,elementwise-d8-4096-float32,True,leave_family_out,100-500 MiB,134217728,3220832256,149131719,True
True,gpu,134745168,134217728,False,False,elementwise,True,142475280,1.0615235567092896,0,global_additive,nearest-rank additive residual quantiles,elementwise-d8-4096-float32,True,leave_family_out,100-500 MiB,134217728,3220832256,142475280,True
True,gpu,135241796,134217728,False,False,elementwise,True,104392476,0.7777845561504364,44739243,family_ratio,nearest-rank compiler/static ratio quantiles,elementwise-d8-4096-float32,True,leave_family_out,100-500 MiB,134217728,3220832256,149131719,True
True,gpu,91315615,134217728,False,False,elementwise,True,131887943,0.9826417490839958,14913081,size_bucket_ratio,nearest-rank compiler/static ratio quantiles,elementwise-d8-4096-float32,True,leave_family_out,100-500 MiB,134217728,3220832256,146801024,True
True,gpu,33554432,33554432,False,False,elementwise,True,0,0.0,33554432,raw_structural,raw structural estimate,elementwise-d16-2048-float32,True,leave_family_out,10-100 MiB,33554432,3220832256,33554432,True
True,gpu,33810449,33554432,False,False,elementwise,True,26098119,0.7777845561504364,11184811,global_ratio,nearest-rank compiler/static ratio quantiles,elementwise-d16-2048-float32,True,leave_family_out,10-100 MiB,33554432,3220832256,37282930,True
True,gpu,34081872,33554432,False,False,elementwise,True,41811984,1.2460942268371582,0,global_additive,nearest-rank additive residual quantiles,elementwise-d16-2048-float32,True,leave_family_out,10-100 MiB,33554432,3220832256,41811984,True
True,gpu,33810449,33554432,False,False,elementwise,True,26098119,0.7777845561504364,11184811,family_ratio,nearest-rank compiler/static ratio quantiles,elementwise-d16-2048-float32,True,leave_family_out,10-100 MiB,33554432,3220832256,37282930,True
True,gpu,34554880,33554432,False,False,elementwise,True,29710421,0.885439544916153,11184811,size_bucket_ratio,nearest-rank compiler/static ratio quantiles,elementwise-d16-2048-float32,True,leave_family_out,10-100 MiB,33554432,3220832256,40895232,True
True,gpu,134217728,134217728,False,False,elementwise,True,0,0.0,134217728,raw_structural,raw structural estimate,elementwise-d16-4096-float32,True,leave_family_out,100-500 MiB,134217728,3220832256,134217728,True
True,gpu,135241796,134217728,False,False,elementwise,True,104392476,0.7777845561504364,44739243,global_ratio,nearest-rank compiler/static ratio quantiles,elementwise-d16-4096-float32,True,leave_family_out,100-500 MiB,134217728,3220832256,149131719,True
True,gpu,134745168,134217728,False,False,elementwise,True,142475280,1.0615235567092896,0,global_additive,nearest-rank additive residual quantiles,elementwise-d16-4096-float32,True,leave_family_out,100-500 MiB,134217728,3220832256,142475280,True
True,gpu,135241796,134217728,False,False,elementwise,True,104392476,0.7777845561504364,44739243,family_ratio,nearest-rank compiler/static ratio quantiles,elementwise-d16-4096-float32,True,leave_family_out,100-500 MiB,134217728,3220832256,149131719,True
True,gpu,91315615,134217728,False,False,elementwise,True,131887943,0.9826417490839958,14913081,size_bucket_ratio,nearest-rank compiler/static ratio quantiles,elementwise-d16-4096-float32,True,leave_family_out,100-500 MiB,134217728,3220832256,146801024,True
True,gpu,37748736,41943296,False,False,matmul,False,0,0.0,37748736,raw_structural,raw structural estimate,matmul-1024x4096x1024-float32,True,leave_family_out,10-100 MiB,37748736,3220832256,37748736,False
True,gpu,37748736,41943296,False,False,matmul,False,28704876,0.7604195276896158,12582912,global_ratio,nearest-rank compiler/static ratio quantiles,matmul-1024x4096x1024-float32,True,leave_family_out,10-100 MiB,37748736,3220832256,41287788,False
True,gpu,37748736,41943296,False,False,matmul,True,45089536,1.1944647894965277,0,global_additive,nearest-rank additive residual quantiles,matmul-1024x4096x1024-float32,True,leave_family_out,10-100 MiB,37748736,3220832256,45089536,True
True,gpu,37748736,41943296,False,False,matmul,False,28704876,0.7604195276896158,12582912,family_ratio,nearest-rank compiler/static ratio quantiles,matmul-1024x4096x1024-float32,True,leave_family_out,10-100 MiB,37748736,3220832256,41287788,False
True,gpu,37748736,41943296,False,False,matmul,False,15099476,0.3999995125664605,26188348,size_bucket_ratio,nearest-rank compiler/static ratio quantiles,matmul-1024x4096x1024-float32,True,leave_family_out,10-100 MiB,37748736,3220832256,41287824,False
True,gpu,50331648,54526208,False,False,matmul,False,0,0.0,50331648,raw_structural,raw structural estimate,matmul-2048x2048x2048-float32,True,leave_family_out,10-100 MiB,50331648,3220832256,50331648,False
True,gpu,50331648,54526208,False,False,matmul,True,38273168,0.7604195276896158,16777216,global_ratio,nearest-rank compiler/static ratio quantiles,matmul-2048x2048x2048-float32,True,leave_family_out,10-100 MiB,50331648,3220832256,55050384,True
True,gpu,50331648,54526208,False,False,matmul,True,57672448,1.1458485921223958,0,global_additive,nearest-rank additive residual quantiles,matmul-2048x2048x2048-float32,True,leave_family_out,10-100 MiB,50331648,3220832256,57672448,True
True,gpu,50331648,54526208,False,False,matmul,True,38273168,0.7604195276896158,16777216,family_ratio,nearest-rank compiler/static ratio quantiles,matmul-2048x2048x2048-float32,True,leave_family_out,10-100 MiB,50331648,3220832256,55050384,True
True,gpu,50331648,54526208,False,False,matmul,True,20132635,0.3999995191891988,34917797,size_bucket_ratio,nearest-rank compiler/static ratio quantiles,matmul-2048x2048x2048-float32,True,leave_family_out,10-100 MiB,50331648,3220832256,55050432,True
True,gpu,100663296,33554432,False,False,residual,False,0,0.0,100663296,raw_structural,raw structural estimate,residual-d4-2048-float32,True,leave_family_out,10-100 MiB,100663296,3220832256,100663296,True
True,gpu,100663296,33554432,False,False,residual,False,37650816,0.3740272521972656,72450048,global_ratio,nearest-rank compiler/static ratio quantiles,residual-d4-2048-float32,True,leave_family_out,10-100 MiB,100663296,3220832256,110100864,True
True,gpu,100663296,33554432,False,False,residual,False,11543280,0.11467218399047852,96460816,global_additive,nearest-rank additive residual quantiles,residual-d4-2048-float32,True,leave_family_out,10-100 MiB,100663296,3220832256,108004096,True
True,gpu,100663296,33554432,False,False,residual,False,37650816,0.3740272521972656,72450048,family_ratio,nearest-rank compiler/static ratio quantiles,residual-d4-2048-float32,True,leave_family_out,10-100 MiB,100663296,3220832256,110100864,True
True,gpu,100663296,33554432,False,False,residual,False,34895353,0.3466541866461436,76953436,size_bucket_ratio,nearest-rank compiler/static ratio quantiles,residual-d4-2048-float32,True,leave_family_out,10-100 MiB,100663296,3220832256,111848789,True
True,gpu,301989888,33554432,False,False,residual,False,0,0.0,301989888,raw_structural,raw structural estimate,residual-d16-2048-float32,True,leave_family_out,100-500 MiB,301989888,3220832256,301989888,True
True,gpu,301989888,33554432,False,False,residual,False,112952448,0.3740272521972656,217350144,global_ratio,nearest-rank compiler/static ratio quantiles,residual-d16-2048-float32,True,leave_family_out,100-500 MiB,301989888,3220832256,330302592,True
True,gpu,301989888,33554432,False,False,residual,False,11543280,0.03822406133015951,297787408,global_additive,nearest-rank additive residual quantiles,residual-d16-2048-float32,True,leave_family_out,100-500 MiB,301989888,3220832256,309330688,True
True,gpu,301989888,33554432,False,False,residual,False,112952448,0.3740272521972656,217350144,family_ratio,nearest-rank compiler/static ratio quantiles,residual-d16-2048-float32,True,leave_family_out,100-500 MiB,301989888,3220832256,330302592,True
True,gpu,301989888,33554432,False,False,residual,False,124842171,0.41339851419130963,205460133,size_bucket_ratio,nearest-rank compiler/static ratio quantiles,residual-d16-2048-float32,True,leave_family_out,100-500 MiB,301989888,3220832256,330302304,True
True,gpu,29360128,30408704,False,False,mlp,False,0,0.0,29360128,raw_structural,raw structural estimate,mlp-b256-w2048-d2-float32,True,leave_family_out,10-100 MiB,29360128,3220832256,29360128,False
True,gpu,29360128,30408704,False,False,mlp,True,21213631,0.722531965800694,9786709,global_ratio,nearest-rank compiler/static ratio quantiles,mlp-b256-w2048-d2-float32,True,leave_family_out,10-100 MiB,29360128,3220832256,31000340,True
True,gpu,29360128,30408704,False,False,mlp,True,33488912,1.1406255449567522,0,global_additive,nearest-rank additive residual quantiles,mlp-b256-w2048-d2-float32,True,leave_family_out,10-100 MiB,29360128,3220832256,33488912,True
True,gpu,29360128,30408704,False,False,mlp,True,21213631,0.722531965800694,9786709,family_ratio,nearest-rank compiler/static ratio quantiles,mlp-b256-w2048-d2-float32,True,leave_family_out,10-100 MiB,29360128,3220832256,31000340,True
True,gpu,29360128,30408704,False,False,mlp,True,10689933,0.36409694807870047,20368715,size_bucket_ratio,nearest-rank compiler/static ratio quantiles,mlp-b256-w2048-d2-float32,True,leave_family_out,10-100 MiB,29360128,3220832256,31058648,True
True,gpu,67108864,73400576,False,False,mlp,False,0,0.0,67108864,raw_structural,raw structural estimate,mlp-b512-w2048-d4-float32,True,leave_family_out,10-100 MiB,67108864,3220832256,67108864,False
True,gpu,67108864,73400576,False,False,mlp,False,48488299,0.7225319594144821,22369621,global_ratio,nearest-rank compiler/static ratio quantiles,mlp-b512-w2048-d4-float32,True,leave_family_out,10-100 MiB,67108864,3220832256,70857920,False
True,gpu,67108864,73400576,False,False,mlp,False,71237648,1.061523675918579,0,global_additive,nearest-rank additive residual quantiles,mlp-b512-w2048-d4-float32,True,leave_family_out,10-100 MiB,67108864,3220832256,71237648,False
True,gpu,67108864,73400576,False,False,mlp,False,48488299,0.7225319594144821,22369621,family_ratio,nearest-rank compiler/static ratio quantiles,mlp-b512-w2048-d4-float32,True,leave_family_out,10-100 MiB,67108864,3220832256,70857920,False
True,gpu,67108864,73400576,False,False,mlp,False,24434132,0.3640969395637512,46557063,size_bucket_ratio,nearest-rank compiler/static ratio quantiles,mlp-b512-w2048-d4-float32,True,leave_family_out,10-100 MiB,67108864,3220832256,70991195,False
True,gpu,268435456,293602048,False,False,mlp,False,0,0.0,268435456,raw_structural,raw structural estimate,mlp-b1024-w4096-d4-float32,True,leave_family_out,100-500 MiB,268435456,3220832256,268435456,False
True,gpu,268435456,293602048,False,False,mlp,False,193953197,0.7225319631397724,89478485,global_ratio,nearest-rank compiler/static ratio quantiles,mlp-b1024-w4096-d4-float32,True,leave_family_out,100-500 MiB,268435456,3220832256,283431682,False
True,gpu,268435456,293602048,False,False,mlp,False,71237648,0.2653809189796448,201326592,global_additive,nearest-rank additive residual quantiles,mlp-b1024-w4096-d4-float32,True,leave_family_out,100-500 MiB,268435456,3220832256,272564240,False
True,gpu,268435456,293602048,False,False,mlp,False,193953197,0.7225319631397724,89478485,family_ratio,nearest-rank compiler/static ratio quantiles,mlp-b1024-w4096-d4-float32,True,leave_family_out,100-500 MiB,268435456,3220832256,283431682,False
True,gpu,268435456,293602048,False,False,mlp,False,242673581,0.9040295369923115,29826162,size_bucket_ratio,nearest-rank compiler/static ratio quantiles,mlp-b1024-w4096-d4-float32,True,leave_family_out,100-500 MiB,268435456,3220832256,272499743,False
True,gpu,17842176,18874368,False,False,attention,False,0,0.0,17842176,raw_structural,raw structural estimate,attention-b1-h8-s512-d64-float32,True,leave_family_out,10-100 MiB,17842176,3220832256,17842176,False
True,gpu,17842176,18874368,False,False,attention,True,13567556,0.7604204778609963,5947392,global_ratio,nearest-rank compiler/static ratio quantiles,attention-b1-h8-s512-d64-float32,True,leave_family_out,10-100 MiB,17842176,3220832256,19514948,True
True,gpu,17842176,18874368,False,False,attention,True,24133888,1.3526314279155187,0,global_additive,nearest-rank additive residual quantiles,attention-b1-h8-s512-d64-float32,True,leave_family_out,10-100 MiB,17842176,3220832256,24133888,True
True,gpu,17842176,18874368,False,False,attention,True,13567556,0.7604204778609963,5947392,family_ratio,nearest-rank compiler/static ratio quantiles,attention-b1-h8-s512-d64-float32,True,leave_family_out,10-100 MiB,17842176,3220832256,19514948,True
True,gpu,17842176,18874368,False,False,attention,True,6185065,0.34665418612617654,13639696,size_bucket_ratio,nearest-rank compiler/static ratio quantiles,attention-b1-h8-s512-d64-float32,True,leave_family_out,10-100 MiB,17842176,3220832256,19824761,True
True,gpu,69238784,71303184,False,False,attention,False,0,0.0,69238784,raw_structural,raw structural estimate,attention-b1-h8-s1024-d64-float32,True,leave_family_out,10-100 MiB,69238784,3220832256,69238784,False
True,gpu,69238784,71303184,False,False,attention,True,52650589,0.7604204747443283,23079595,global_ratio,nearest-rank compiler/static ratio quantiles,attention-b1-h8-s1024-d64-float32,True,leave_family_out,10-100 MiB,69238784,3220832256,75730184,True
True,gpu,69238784,71303184,False,False,attention,True,73400576,1.0601078147184098,2129920,global_additive,nearest-rank additive residual quantiles,attention-b1-h8-s1024-d64-float32,True,leave_family_out,10-100 MiB,69238784,3220832256,75530496,True
True,gpu,69238784,71303184,False,False,attention,True,52650589,0.7604204747443283,23079595,family_ratio,nearest-rank compiler/static ratio quantiles,attention-b1-h8-s1024-d64-float32,True,leave_family_out,10-100 MiB,69238784,3220832256,75730184,True
True,gpu,69238784,71303184,False,False,attention,True,24001915,0.3466541960066774,52930537,size_bucket_ratio,nearest-rank compiler/static ratio quantiles,attention-b1-h8-s1024-d64-float32,True,leave_family_out,10-100 MiB,69238784,3220832256,76932452,True
True,gpu,272695296,276824080,False,False,attention,False,0,0.0,272695296,raw_structural,raw structural estimate,attention-b1-h8-s2048-d64-float32,True,leave_family_out,100-500 MiB,272695296,3220832256,272695296,False
True,gpu,272695296,276824080,False,False,attention,True,207363088,0.7604204804471582,90898432,global_ratio,nearest-rank compiler/static ratio quantiles,attention-b1-h8-s2048-d64-float32,True,leave_family_out,100-500 MiB,272695296,3220832256,298261520,True
True,gpu,272695296,276824080,False,False,attention,True,73400576,0.2691670046262918,205586432,global_additive,nearest-rank additive residual quantiles,attention-b1-h8-s2048-d64-float32,True,leave_family_out,100-500 MiB,272695296,3220832256,278987008,True
True,gpu,272695296,276824080,False,False,attention,True,207363088,0.7604204804471582,90898432,family_ratio,nearest-rank compiler/static ratio quantiles,attention-b1-h8-s2048-d64-float32,True,leave_family_out,100-500 MiB,272695296,3220832256,298261520,True
True,gpu,272695296,276824080,False,False,attention,True,267961783,0.982641750446623,30299477,size_bucket_ratio,nearest-rank compiler/static ratio quantiles,attention-b1-h8-s2048-d64-float32,True,leave_family_out,100-500 MiB,272695296,3220832256,298261260,True
True,gpu,1082261504,1090519056,False,False,attention,False,0,0.0,1082261504,raw_structural,raw structural estimate,attention-b1-h8-s4096-d64-float32,True,leave_family_out,>1 GiB,1082261504,3220832256,1082261504,False
True,gpu,1082261504,1090519056,False,False,attention,True,822973813,0.7604204805939397,360753835,global_ratio,nearest-rank compiler/static ratio quantiles,attention-b1-h8-s4096-d64-float32,True,leave_family_out,>1 GiB,1082261504,3220832256,1183727648,True
True,gpu,1082261504,1090519056,False,False,attention,False,73400576,0.06782147912377377,1015152640,global_additive,nearest-rank additive residual quantiles,attention-b1-h8-s4096-d64-float32,True,leave_family_out,>1 GiB,1082261504,3220832256,1088553216,False
True,gpu,1082261504,1090519056,False,False,attention,True,822973813,0.7604204805939397,360753835,family_ratio,nearest-rank compiler/static ratio quantiles,attention-b1-h8-s4096-d64-float32,True,leave_family_out,>1 GiB,1082261504,3220832256,1183727648,True
True,gpu,1082261504,1090519056,False,False,attention,True,822973813,0.7604204805939397,360753835,size_bucket_ratio,nearest-rank compiler/static ratio quantiles,attention-b1-h8-s4096-d64-float32,True,leave_family_out,>1 GiB,1082261504,3220832256,1183727648,True
True,gpu,27279360,27263248,False,False,transformer,False,0,0.0,27279360,raw_structural,raw structural estimate,transformer-s512-w512-float32,True,leave_family_out,10-100 MiB,27279360,3220832256,27279360,True
True,gpu,27279360,27263248,False,False,transformer,True,20743784,0.7604204790728228,9093120,global_ratio,nearest-rank compiler/static ratio quantiles,transformer-s512-w512-float32,True,leave_family_out,10-100 MiB,27279360,3220832256,29836904,True
True,gpu,27279360,27263248,False,False,transformer,True,34620160,1.2690972222222223,0,global_additive,nearest-rank additive residual quantiles,transformer-s512-w512-float32,True,leave_family_out,10-100 MiB,27279360,3220832256,34620160,True
True,gpu,27279360,27263248,False,False,transformer,True,20743784,0.7604204790728228,9093120,family_ratio,nearest-rank compiler/static ratio quantiles,transformer-s512-w512-float32,True,leave_family_out,10-100 MiB,27279360,3220832256,29836904,True
True,gpu,27279360,27263248,False,False,transformer,True,11385412,0.4173636038382132,18925173,size_bucket_ratio,nearest-rank compiler/static ratio quantiles,transformer-s512-w512-float32,True,leave_family_out,10-100 MiB,27279360,3220832256,30310585,True
True,gpu,18882564,19936340,False,False,training,False,0,0.0,18882564,raw_structural,raw structural estimate,training-b512-w1024-float32,True,leave_family_out,10-100 MiB,18882564,3220832256,18882564,False
True,gpu,18882564,19936340,False,False,training,True,14358688,0.7604204598485672,6294188,global_ratio,nearest-rank compiler/static ratio quantiles,training-b512-w1024-float32,True,leave_family_out,10-100 MiB,18882564,3220832256,20652876,True
True,gpu,18882564,19936340,False,False,training,True,26223364,1.3887607636335828,0,global_additive,nearest-rank additive residual quantiles,training-b512-w1024-float32,True,leave_family_out,10-100 MiB,18882564,3220832256,26223364,True
True,gpu,18882564,19936340,False,False,training,True,14358688,0.7604204598485672,6294188,family_ratio,nearest-rank compiler/static ratio quantiles,training-b512-w1024-float32,True,leave_family_out,10-100 MiB,18882564,3220832256,20652876,True
True,gpu,18882564,19936340,False,False,training,True,7880895,0.4173636059170778,13099860,size_bucket_ratio,nearest-rank compiler/static ratio quantiles,training-b512-w1024-float32,True,leave_family_out,10-100 MiB,18882564,3220832256,20980755,True
True,gpu,16777216,16777216,False,False,elementwise,True,0,0.0,16777216,raw_structural,raw structural estimate,elementwise-d1-2048-float16,True,leave_family_out,10-100 MiB,16777216,3220832256,16777216,True
True,gpu,16905225,16777216,False,False,elementwise,True,13049060,0.7777845859527588,5592405,global_ratio,nearest-rank compiler/static ratio quantiles,elementwise-d1-2048-float16,True,leave_family_out,10-100 MiB,16777216,3220832256,18641465,True
True,gpu,17304656,16777216,False,False,elementwise,True,25034768,1.4921884536743164,0,global_additive,nearest-rank additive residual quantiles,elementwise-d1-2048-float16,True,leave_family_out,10-100 MiB,16777216,3220832256,25034768,True
True,gpu,16905225,16777216,False,False,elementwise,True,13049060,0.7777845859527588,5592405,family_ratio,nearest-rank compiler/static ratio quantiles,elementwise-d1-2048-float16,True,leave_family_out,10-100 MiB,16777216,3220832256,18641465,True
True,gpu,17277440,16777216,False,False,elementwise,True,14855211,0.8854395747184753,5592405,size_bucket_ratio,nearest-rank compiler/static ratio quantiles,elementwise-d1-2048-float16,True,leave_family_out,10-100 MiB,16777216,3220832256,20447616,True
True,gpu,67108864,67108864,False,False,elementwise,True,0,0.0,67108864,raw_structural,raw structural estimate,elementwise-d1-4096-float16,True,leave_family_out,10-100 MiB,67108864,3220832256,67108864,True
True,gpu,67620898,67108864,False,False,elementwise,True,52196239,0.7777845710515976,22369621,global_ratio,nearest-rank compiler/static ratio quantiles,elementwise-d1-4096-float16,True,leave_family_out,10-100 MiB,67108864,3220832256,74565860,True
True,gpu,67636304,67108864,False,False,elementwise,True,75366416,1.123047113418579,0,global_additive,nearest-rank additive residual quantiles,elementwise-d1-4096-float16,True,leave_family_out,10-100 MiB,67108864,3220832256,75366416,True
True,gpu,67620898,67108864,False,False,elementwise,True,52196239,0.7777845710515976,22369621,family_ratio,nearest-rank compiler/static ratio quantiles,elementwise-d1-4096-float16,True,leave_family_out,10-100 MiB,67108864,3220832256,74565860,True
True,gpu,69109759,67108864,False,False,elementwise,True,59420843,0.8854395598173141,22369621,size_bucket_ratio,nearest-rank compiler/static ratio quantiles,elementwise-d1-4096-float16,True,leave_family_out,10-100 MiB,67108864,3220832256,81790464,True
True,gpu,16777216,16777216,False,False,elementwise,True,0,0.0,16777216,raw_structural,raw structural estimate,elementwise-d8-2048-float16,True,leave_family_out,10-100 MiB,16777216,3220832256,16777216,True
True,gpu,16905225,16777216,False,False,elementwise,True,13049060,0.7777845859527588,5592405,global_ratio,nearest-rank compiler/static ratio quantiles,elementwise-d8-2048-float16,True,leave_family_out,10-100 MiB,16777216,3220832256,18641465,True
True,gpu,17304656,16777216,False,False,elementwise,True,25034768,1.4921884536743164,0,global_additive,nearest-rank additive residual quantiles,elementwise-d8-2048-float16,True,leave_family_out,10-100 MiB,16777216,3220832256,25034768,True
True,gpu,16905225,16777216,False,False,elementwise,True,13049060,0.7777845859527588,5592405,family_ratio,nearest-rank compiler/static ratio quantiles,elementwise-d8-2048-float16,True,leave_family_out,10-100 MiB,16777216,3220832256,18641465,True
True,gpu,17277440,16777216,False,False,elementwise,True,14855211,0.8854395747184753,5592405,size_bucket_ratio,nearest-rank compiler/static ratio quantiles,elementwise-d8-2048-float16,True,leave_family_out,10-100 MiB,16777216,3220832256,20447616,True
True,gpu,67108864,67108864,False,False,elementwise,True,0,0.0,67108864,raw_structural,raw structural estimate,elementwise-d8-4096-float16,True,leave_family_out,10-100 MiB,67108864,3220832256,67108864,True
True,gpu,67620898,67108864,False,False,elementwise,True,52196239,0.7777845710515976,22369621,global_ratio,nearest-rank compiler/static ratio quantiles,elementwise-d8-4096-float16,True,leave_family_out,10-100 MiB,67108864,3220832256,74565860,True
True,gpu,67636304,67108864,False,False,elementwise,True,75366416,1.123047113418579,0,global_additive,nearest-rank additive residual quantiles,elementwise-d8-4096-float16,True,leave_family_out,10-100 MiB,67108864,3220832256,75366416,True
True,gpu,67620898,67108864,False,False,elementwise,True,52196239,0.7777845710515976,22369621,family_ratio,nearest-rank compiler/static ratio quantiles,elementwise-d8-4096-float16,True,leave_family_out,10-100 MiB,67108864,3220832256,74565860,True
True,gpu,69109759,67108864,False,False,elementwise,True,59420843,0.8854395598173141,22369621,size_bucket_ratio,nearest-rank compiler/static ratio quantiles,elementwise-d8-4096-float16,True,leave_family_out,10-100 MiB,67108864,3220832256,81790464,True
True,gpu,16777216,16777216,False,False,elementwise,True,0,0.0,16777216,raw_structural,raw structural estimate,elementwise-d16-2048-float16,True,leave_family_out,10-100 MiB,16777216,3220832256,16777216,True
True,gpu,16905225,16777216,False,False,elementwise,True,13049060,0.7777845859527588,5592405,global_ratio,nearest-rank compiler/static ratio quantiles,elementwise-d16-2048-float16,True,leave_family_out,10-100 MiB,16777216,3220832256,18641465,True
True,gpu,17304656,16777216,False,False,elementwise,True,25034768,1.4921884536743164,0,global_additive,nearest-rank additive residual quantiles,elementwise-d16-2048-float16,True,leave_family_out,10-100 MiB,16777216,3220832256,25034768,True
True,gpu,16905225,16777216,False,False,elementwise,True,13049060,0.7777845859527588,5592405,family_ratio,nearest-rank compiler/static ratio quantiles,elementwise-d16-2048-float16,True,leave_family_out,10-100 MiB,16777216,3220832256,18641465,True
True,gpu,17277440,16777216,False,False,elementwise,True,14855211,0.8854395747184753,5592405,size_bucket_ratio,nearest-rank compiler/static ratio quantiles,elementwise-d16-2048-float16,True,leave_family_out,10-100 MiB,16777216,3220832256,20447616,True
True,gpu,67108864,67108864,False,False,elementwise,True,0,0.0,67108864,raw_structural,raw structural estimate,elementwise-d16-4096-float16,True,leave_family_out,10-100 MiB,67108864,3220832256,67108864,True
True,gpu,67620898,67108864,False,False,elementwise,True,52196239,0.7777845710515976,22369621,global_ratio,nearest-rank compiler/static ratio quantiles,elementwise-d16-4096-float16,True,leave_family_out,10-100 MiB,67108864,3220832256,74565860,True
True,gpu,67636304,67108864,False,False,elementwise,True,75366416,1.123047113418579,0,global_additive,nearest-rank additive residual quantiles,elementwise-d16-4096-float16,True,leave_family_out,10-100 MiB,67108864,3220832256,75366416,True
True,gpu,67620898,67108864,False,False,elementwise,True,52196239,0.7777845710515976,22369621,family_ratio,nearest-rank compiler/static ratio quantiles,elementwise-d16-4096-float16,True,leave_family_out,10-100 MiB,67108864,3220832256,74565860,True
True,gpu,69109759,67108864,False,False,elementwise,True,59420843,0.8854395598173141,22369621,size_bucket_ratio,nearest-rank compiler/static ratio quantiles,elementwise-d16-4096-float16,True,leave_family_out,10-100 MiB,67108864,3220832256,81790464,True
True,gpu,18874368,18874368,False,False,matmul,True,0,0.0,18874368,raw_structural,raw structural estimate,matmul-1024x4096x1024-float16,True,leave_family_out,10-100 MiB,18874368,3220832256,18874368,True
True,gpu,18874368,18874368,False,False,matmul,True,14352438,0.7604195276896158,6291456,global_ratio,nearest-rank compiler/static ratio quantiles,matmul-1024x4096x1024-float16,True,leave_family_out,10-100 MiB,18874368,3220832256,20643894,True
True,gpu,18874368,18874368,False,False,matmul,True,26215168,1.3889295789930556,0,global_additive,nearest-rank additive residual quantiles,matmul-1024x4096x1024-float16,True,leave_family_out,10-100 MiB,18874368,3220832256,26215168,True
True,gpu,18874368,18874368,False,False,matmul,True,14352438,0.7604195276896158,6291456,family_ratio,nearest-rank compiler/static ratio quantiles,matmul-1024x4096x1024-float16,True,leave_family_out,10-100 MiB,18874368,3220832256,20643894,True
True,gpu,18874368,18874368,False,False,matmul,True,7549738,0.3999995125664605,13094174,size_bucket_ratio,nearest-rank compiler/static ratio quantiles,matmul-1024x4096x1024-float16,True,leave_family_out,10-100 MiB,18874368,3220832256,20643912,True
True,gpu,25165824,25165824,False,False,matmul,True,0,0.0,25165824,raw_structural,raw structural estimate,matmul-2048x2048x2048-float16,True,leave_family_out,10-100 MiB,25165824,3220832256,25165824,True
True,gpu,25165824,25165824,False,False,matmul,True,19136584,0.7604195276896158,8388608,global_ratio,nearest-rank compiler/static ratio quantiles,matmul-2048x2048x2048-float16,True,leave_family_out,10-100 MiB,25165824,3220832256,27525192,True
True,gpu,25165824,25165824,False,False,matmul,True,32506624,1.2916971842447917,0,global_additive,nearest-rank additive residual quantiles,matmul-2048x2048x2048-float16,True,leave_family_out,10-100 MiB,25165824,3220832256,32506624,True
True,gpu,25165824,25165824,False,False,matmul,True,19136584,0.7604195276896158,8388608,family_ratio,nearest-rank compiler/static ratio quantiles,matmul-2048x2048x2048-float16,True,leave_family_out,10-100 MiB,25165824,3220832256,27525192,True
True,gpu,25165824,25165824,False,False,matmul,True,10066318,0.39999953905741376,17458898,size_bucket_ratio,nearest-rank compiler/static ratio quantiles,matmul-2048x2048x2048-float16,True,leave_family_out,10-100 MiB,25165824,3220832256,27525216,True
True,gpu,50331648,16777216,False,False,residual,False,0,0.0,50331648,raw_structural,raw structural estimate,residual-d4-2048-float16,True,leave_family_out,10-100 MiB,50331648,3220832256,50331648,True
True,gpu,50331648,16777216,False,False,residual,False,18825408,0.3740272521972656,36225024,global_ratio,nearest-rank compiler/static ratio quantiles,residual-d4-2048-float16,True,leave_family_out,10-100 MiB,50331648,3220832256,55050432,True
True,gpu,50331648,16777216,False,False,residual,False,11543280,0.22934436798095703,46129168,global_additive,nearest-rank additive residual quantiles,residual-d4-2048-float16,True,leave_family_out,10-100 MiB,50331648,3220832256,57672448,True
True,gpu,50331648,16777216,False,False,residual,False,18825408,0.3740272521972656,36225024,family_ratio,nearest-rank compiler/static ratio quantiles,residual-d4-2048-float16,True,leave_family_out,10-100 MiB,50331648,3220832256,55050432,True
True,gpu,50331648,16777216,False,False,residual,False,17447677,0.34665419658025104,38476718,size_bucket_ratio,nearest-rank compiler/static ratio quantiles,residual-d4-2048-float16,True,leave_family_out,10-100 MiB,50331648,3220832256,55924395,True
True,gpu,150994944,16777216,False,False,residual,False,0,0.0,150994944,raw_structural,raw structural estimate,residual-d16-2048-float16,True,leave_family_out,100-500 MiB,150994944,3220832256,150994944,True
True,gpu,150994944,16777216,False,False,residual,False,56476224,0.3740272521972656,108675072,global_ratio,nearest-rank compiler/static ratio quantiles,residual-d16-2048-float16,True,leave_family_out,100-500 MiB,150994944,3220832256,165151296,True
True,gpu,150994944,16777216,False,False,residual,False,11543280,0.07644812266031902,146792464,global_additive,nearest-rank additive residual quantiles,residual-d16-2048-float16,True,leave_family_out,100-500 MiB,150994944,3220832256,158335744,True
True,gpu,150994944,16777216,False,False,residual,False,56476224,0.3740272521972656,108675072,family_ratio,nearest-rank compiler/static ratio quantiles,residual-d16-2048-float16,True,leave_family_out,100-500 MiB,150994944,3220832256,165151296,True
True,gpu,150994944,16777216,False,False,residual,False,62421086,0.41339851750267875,102730066,size_bucket_ratio,nearest-rank compiler/static ratio quantiles,residual-d16-2048-float16,True,leave_family_out,100-500 MiB,150994944,3220832256,165151152,True
True,gpu,14680064,19398912,False,False,mlp,False,0,0.0,14680064,raw_structural,raw structural estimate,mlp-b256-w2048-d2-float16,True,leave_family_out,10-100 MiB,14680064,3220832256,14680064,False
True,gpu,14680064,19398912,False,False,mlp,False,10606815,0.722531931740897,4893355,global_ratio,nearest-rank compiler/static ratio quantiles,mlp-b256-w2048-d2-float16,True,leave_family_out,10-100 MiB,14680064,3220832256,15500170,False
True,gpu,14680064,19398912,False,False,mlp,False,18808848,1.2812510899135046,0,global_additive,nearest-rank additive residual quantiles,mlp-b256-w2048-d2-float16,True,leave_family_out,10-100 MiB,14680064,3220832256,18808848,False
True,gpu,14680064,19398912,False,False,mlp,False,10606815,0.722531931740897,4893355,family_ratio,nearest-rank compiler/static ratio quantiles,mlp-b256-w2048-d2-float16,True,leave_family_out,10-100 MiB,14680064,3220832256,15500170,False
True,gpu,14680064,19398912,False,False,mlp,False,5344967,0.3640969821384975,10184357,size_bucket_ratio,nearest-rank compiler/static ratio quantiles,mlp-b256-w2048-d2-float16,True,leave_family_out,10-100 MiB,14680064,3220832256,15529324,False
True,gpu,33554432,40895232,False,False,mlp,False,0,0.0,33554432,raw_structural,raw structural estimate,mlp-b512-w2048-d4-float16,True,leave_family_out,10-100 MiB,33554432,3220832256,33554432,False
True,gpu,33554432,40895232,False,False,mlp,False,24244149,0.7225319445133209,11184811,global_ratio,nearest-rank compiler/static ratio quantiles,mlp-b512-w2048-d4-float16,True,leave_family_out,10-100 MiB,33554432,3220832256,35428960,False
True,gpu,33554432,40895232,False,False,mlp,False,37683216,1.1230473518371582,0,global_additive,nearest-rank additive residual quantiles,mlp-b512-w2048-d4-float16,True,leave_family_out,10-100 MiB,33554432,3220832256,37683216,False
True,gpu,33554432,40895232,False,False,mlp,False,24244149,0.7225319445133209,11184811,family_ratio,nearest-rank compiler/static ratio quantiles,mlp-b512-w2048-d4-float16,True,leave_family_out,10-100 MiB,33554432,3220832256,35428960,False
True,gpu,33554432,40895232,False,False,mlp,False,12217066,0.3640969395637512,23278531,size_bucket_ratio,nearest-rank compiler/static ratio quantiles,mlp-b512-w2048-d4-float16,True,leave_family_out,10-100 MiB,33554432,3220832256,35495597,False
True,gpu,134217728,146800896,False,False,mlp,False,0,0.0,134217728,raw_structural,raw structural estimate,mlp-b1024-w4096-d4-float16,True,leave_family_out,100-500 MiB,134217728,3220832256,134217728,False
True,gpu,134217728,146800896,False,False,mlp,False,96976598,0.7225319594144821,44739243,global_ratio,nearest-rank compiler/static ratio quantiles,mlp-b1024-w4096-d4-float16,True,leave_family_out,100-500 MiB,134217728,3220832256,141715841,False
True,gpu,134217728,146800896,False,False,mlp,False,71237648,0.5307618379592896,67108864,global_additive,nearest-rank additive residual quantiles,mlp-b1024-w4096-d4-float16,True,leave_family_out,100-500 MiB,134217728,3220832256,138346512,False
True,gpu,134217728,146800896,False,False,mlp,False,96976598,0.7225319594144821,44739243,family_ratio,nearest-rank compiler/static ratio quantiles,mlp-b1024-w4096-d4-float16,True,leave_family_out,100-500 MiB,134217728,3220832256,141715841,False
True,gpu,134217728,146800896,False,False,mlp,False,121336791,0.9040295407176018,14913081,size_bucket_ratio,nearest-rank compiler/static ratio quantiles,mlp-b1024-w4096-d4-float16,True,leave_family_out,100-500 MiB,134217728,3220832256,136249872,False
True,gpu,13123584,9445392,False,False,attention,False,0,0.0,13123584,raw_structural,raw structural estimate,attention-b1-h8-s512-d64-float16,True,leave_family_out,10-100 MiB,13123584,3220832256,13123584,True
True,gpu,13123584,9445392,False,False,attention,True,9979442,0.7604204766015137,4374528,global_ratio,nearest-rank compiler/static ratio quantiles,attention-b1-h8-s512-d64-float16,True,leave_family_out,10-100 MiB,13123584,3220832256,14353970,True
True,gpu,13123584,9445392,False,False,attention,True,19415296,1.4794202559300873,0,global_additive,nearest-rank additive residual quantiles,attention-b1-h8-s512-d64-float16,True,leave_family_out,10-100 MiB,13123584,3220832256,19415296,True
True,gpu,13123584,9445392,False,False,attention,True,9979442,0.7604204766015137,4374528,family_ratio,nearest-rank compiler/static ratio quantiles,attention-b1-h8-s512-d64-float16,True,leave_family_out,10-100 MiB,13123584,3220832256,14353970,True
True,gpu,13123584,9445392,False,False,attention,False,4549345,0.3466541609365247,10032504,size_bucket_ratio,nearest-rank compiler/static ratio quantiles,attention-b1-h8-s512-d64-float16,True,leave_family_out,10-100 MiB,13123584,3220832256,14581849,True
True,gpu,51412992,35667984,False,False,attention,False,0,0.0,51412992,raw_structural,raw structural estimate,attention-b1-h8-s1024-d64-float16,True,leave_family_out,10-100 MiB,51412992,3220832256,51412992,True
True,gpu,51412992,35667984,False,False,attention,True,39095492,0.7604204789326402,17137664,global_ratio,nearest-rank compiler/static ratio quantiles,attention-b1-h8-s1024-d64-float16,True,leave_family_out,10-100 MiB,51412992,3220832256,56233156,True
True,gpu,51412992,35667984,False,False,attention,True,57704704,1.1223759161886553,0,global_additive,nearest-rank additive residual quantiles,attention-b1-h8-s1024-d64-float16,True,leave_family_out,10-100 MiB,51412992,3220832256,57704704,True
True,gpu,51412992,35667984,False,False,attention,True,39095492,0.7604204789326402,17137664,family_ratio,nearest-rank compiler/static ratio quantiles,attention-b1-h8-s1024-d64-float16,True,leave_family_out,10-100 MiB,51412992,3220832256,56233156,True
True,gpu,51412992,35667984,False,False,attention,False,17822529,0.34665418810871773,39303366,size_bucket_ratio,nearest-rank compiler/static ratio quantiles,attention-b1-h8-s1024-d64-float16,True,leave_family_out,10-100 MiB,51412992,3220832256,57125895,True
True,gpu,203489280,138444816,False,False,attention,False,0,0.0,203489280,raw_structural,raw structural estimate,attention-b1-h8-s2048-d64-float16,True,leave_family_out,100-500 MiB,203489280,3220832256,203489280,True
True,gpu,203489280,138444816,False,False,attention,True,154737416,0.7604204801353663,67829760,global_ratio,nearest-rank compiler/static ratio quantiles,attention-b1-h8-s2048-d64-float16,True,leave_family_out,100-500 MiB,203489280,3220832256,222567176,True
True,gpu,203489280,138444816,False,False,attention,True,73400576,0.3607097926731079,136380416,global_additive,nearest-rank additive residual quantiles,attention-b1-h8-s2048-d64-float16,True,leave_family_out,100-500 MiB,203489280,3220832256,209780992,True
True,gpu,203489280,138444816,False,False,attention,True,154737416,0.7604204801353663,67829760,family_ratio,nearest-rank compiler/static ratio quantiles,attention-b1-h8-s2048-d64-float16,True,leave_family_out,100-500 MiB,203489280,3220832256,222567176,True
True,gpu,203489280,138444816,False,False,attention,True,199957062,0.9826417489904137,22609920,size_bucket_ratio,nearest-rank compiler/static ratio quantiles,attention-b1-h8-s2048-d64-float16,True,leave_family_out,100-500 MiB,203489280,3220832256,222566982,True
True,gpu,809631744,545325072,False,False,attention,False,0,0.0,809631744,raw_structural,raw structural estimate,attention-b1-h8-s4096-d64-float16,True,leave_family_out,500 MiB-1 GiB,809631744,3220832256,809631744,True
True,gpu,809631744,545325072,False,False,attention,True,615660560,0.7604204807463676,269877248,global_ratio,nearest-rank compiler/static ratio quantiles,attention-b1-h8-s4096-d64-float16,True,leave_family_out,500 MiB-1 GiB,809631744,3220832256,885537808,True
True,gpu,809631744,545325072,False,False,attention,False,73400576,0.09065921209729642,742522880,global_additive,nearest-rank additive residual quantiles,attention-b1-h8-s4096-d64-float16,True,leave_family_out,500 MiB-1 GiB,809631744,3220832256,815923456,True
True,gpu,809631744,545325072,False,False,attention,True,615660560,0.7604204807463676,269877248,family_ratio,nearest-rank compiler/static ratio quantiles,attention-b1-h8-s4096-d64-float16,True,leave_family_out,500 MiB-1 GiB,809631744,3220832256,885537808,True
True,gpu,809631744,545325072,False,False,attention,True,615660560,0.7604204807463676,269877248,size_bucket_ratio,nearest-rank compiler/static ratio quantiles,attention-b1-h8-s4096-d64-float16,True,leave_family_out,500 MiB-1 GiB,809631744,3220832256,885537808,True
True,gpu,17842176,13639696,False,False,transformer,False,0,0.0,17842176,raw_structural,raw structural estimate,transformer-s512-w512-float16,True,leave_family_out,10-100 MiB,17842176,3220832256,17842176,True
True,gpu,17842176,13639696,False,False,transformer,True,13567556,0.7604204778609963,5947392,global_ratio,nearest-rank compiler/static ratio quantiles,transformer-s512-w512-float16,True,leave_family_out,10-100 MiB,17842176,3220832256,19514948,True
True,gpu,17842176,13639696,False,False,transformer,True,25182976,1.41142963728191,0,global_additive,nearest-rank additive residual quantiles,transformer-s512-w512-float16,True,leave_family_out,10-100 MiB,17842176,3220832256,25182976,True
True,gpu,17842176,13639696,False,False,transformer,True,13567556,0.7604204778609963,5947392,family_ratio,nearest-rank compiler/static ratio quantiles,transformer-s512-w512-float16,True,leave_family_out,10-100 MiB,17842176,3220832256,19514948,True
True,gpu,17842176,13639696,False,False,transformer,True,7446675,0.4173636108062156,12378086,size_bucket_ratio,nearest-rank compiler/static ratio quantiles,transformer-s512-w512-float16,True,leave_family_out,10-100 MiB,17842176,3220832256,19824761,True
True,gpu,9441282,9968722,False,False,training,False,0,0.0,9441282,raw_structural,raw structural estimate,training-b512-w1024-float16,True,leave_family_out,<10 MiB,9441282,3220832256,9441282,False
True,gpu,9441282,9968722,False,False,training,True,7179344,0.7604204598485672,3147094,global_ratio,nearest-rank compiler/static ratio quantiles,training-b512-w1024-float16,True,leave_family_out,<10 MiB,9441282,3220832256,10326438,True
True,gpu,9441282,9968722,False,False,training,True,16782082,1.7775215272671656,0,global_additive,nearest-rank additive residual quantiles,training-b512-w1024-float16,True,leave_family_out,<10 MiB,9441282,3220832256,16782082,True
True,gpu,9441282,9968722,False,False,training,True,7179344,0.7604204598485672,3147094,family_ratio,nearest-rank compiler/static ratio quantiles,training-b512-w1024-float16,True,leave_family_out,<10 MiB,9441282,3220832256,10326438,True
True,gpu,9441282,9968722,False,False,training,True,7179344,0.7604204598485672,3147094,size_bucket_ratio,nearest-rank compiler/static ratio quantiles,training-b512-w1024-float16,True,leave_family_out,<10 MiB,9441282,3220832256,10326438,True
